Iteration_Survey,Participant,Gender,Age,SpanL1,[Field-2]-1_1_3-relatedword1,[Field-2]-1_1_3-relatedword2,[Field-2]-1_1_3-relatedword3,[Field-2]-1_1_5-relatedword1,[Field-2]-1_1_5-relatedword2,[Field-2]-1_1_5-relatedword3,[Field-2]-1_1_6-relatedword1,[Field-2]-1_1_6-relatedword2,[Field-2]-1_1_6-relatedword3,[Field-2]-1_2_4-relatedword1,[Field-2]-1_2_4-relatedword2,[Field-2]-1_2_4-relatedword3,[Field-2]-1_2_5-relatedword1,[Field-2]-1_2_5-relatedword2,[Field-2]-1_2_5-relatedword3,[Field-2]-1_2_6-relatedword1,[Field-2]-1_2_6-relatedword2,[Field-2]-1_2_6-relatedword3,[Field-2]-1_3_2-relatedword1,[Field-2]-1_3_2-relatedword2,[Field-2]-1_3_2-relatedword3,[Field-2]-1_3_5-relatedword1,[Field-2]-1_3_5-relatedword2,[Field-2]-1_3_5-relatedword3,[Field-2]-1_3_6-relatedword1,[Field-2]-1_3_6-relatedword2,[Field-2]-1_3_6-relatedword3,[Field-2]-2_1_4-relatedword1,[Field-2]-2_1_4-relatedword2,[Field-2]-2_1_4-relatedword3,[Field-2]-2_1_5-relatedword1,[Field-2]-2_1_5-relatedword2,[Field-2]-2_1_5-relatedword3,[Field-2]-2_1_6-relatedword1,[Field-2]-2_1_6-relatedword2,[Field-2]-2_1_6-relatedword3,[Field-2]-2_2_1-relatedword1,[Field-2]-2_2_1-relatedword2,[Field-2]-2_2_1-relatedword3,[Field-2]-2_2_4-relatedword1,[Field-2]-2_2_4-relatedword2,[Field-2]-2_2_4-relatedword3,[Field-2]-2_2_5-relatedword1,[Field-2]-2_2_5-relatedword2,[Field-2]-2_2_5-relatedword3,[Field-2]-2_3_3-relatedword1,[Field-2]-2_3_3-relatedword2,[Field-2]-2_3_3-relatedword3,[Field-2]-2_3_5-relatedword1,[Field-2]-2_3_5-relatedword2,[Field-2]-2_3_5-relatedword3,[Field-2]-2_3_6-relatedword1,[Field-2]-2_3_6-relatedword2,[Field-2]-2_3_6-relatedword3,[Field-2]-3_1_4-relatedword1,[Field-2]-3_1_4-relatedword2,[Field-2]-3_1_4-relatedword3,[Field-2]-3_1_5-relatedword1,[Field-2]-3_1_5-relatedword2,[Field-2]-3_1_5-relatedword3,[Field-2]-3_1_2-relatedword1,[Field-2]-3_1_2-relatedword2,[Field-2]-3_1_2-relatedword3,[Field-2]-3_2_4-relatedword1,[Field-2]-3_2_4-relatedword2,[Field-2]-3_2_4-relatedword3,[Field-2]-3_2_1-relatedword1,[Field-2]-3_2_1-relatedword2,[Field-2]-3_2_1-relatedword3,[Field-2]-3_2_6-relatedword1,[Field-2]-3_2_6-relatedword2,[Field-2]-3_2_6-relatedword3,[Field-2]-3_3_3-relatedword1,[Field-2]-3_3_3-relatedword2,[Field-2]-3_3_3-relatedword3,[Field-2]-3_3_5-relatedword1,[Field-2]-3_3_5-relatedword2,[Field-2]-3_3_5-relatedword3,[Field-2]-3_3_6-relatedword1,[Field-2]-3_3_6-relatedword2,[Field-2]-3_3_6-relatedword3,Forthisquestiontypethewordbananainthethreeboxes-relatedword1,Forthisquestiontypethewordbananainthethreeboxes-relatedword2,Forthisquestiontypethewordbananainthethreeboxes-relatedword3,[Field-2]-1_1_1-relatedword1,[Field-2]-1_1_1-relatedword2,[Field-2]-1_1_1-relatedword3,[Field-2]-1_1_2-relatedword1,[Field-2]-1_1_2-relatedword2,[Field-2]-1_1_2-relatedword3,[Field-2]-1_1_4-relatedword1,[Field-2]-1_1_4-relatedword2,[Field-2]-1_1_4-relatedword3,[Field-2]-1_2_1-relatedword1,[Field-2]-1_2_1-relatedword2,[Field-2]-1_2_1-relatedword3,[Field-2]-1_2_2-relatedword1,[Field-2]-1_2_2-relatedword2,[Field-2]-1_2_2-relatedword3,[Field-2]-1_2_3-relatedword1,[Field-2]-1_2_3-relatedword2,[Field-2]-1_2_3-relatedword3,[Field-2]-1_3_1-relatedword1,[Field-2]-1_3_1-relatedword2,[Field-2]-1_3_1-relatedword3,[Field-2]-1_3_3-relatedword1,[Field-2]-1_3_3-relatedword2,[Field-2]-1_3_3-relatedword3,[Field-2]-1_3_4-relatedword1,[Field-2]-1_3_4-relatedword2,[Field-2]-1_3_4-relatedword3,[Field-2]-2_1_1-relatedword1,[Field-2]-2_1_1-relatedword2,[Field-2]-2_1_1-relatedword3,[Field-2]-2_1_2-relatedword1,[Field-2]-2_1_2-relatedword2,[Field-2]-2_1_2-relatedword3,[Field-2]-2_1_3-relatedword1,[Field-2]-2_1_3-relatedword2,[Field-2]-2_1_3-relatedword3,[Field-2]-2_2_2-relatedword1,[Field-2]-2_2_2-relatedword2,[Field-2]-2_2_2-relatedword3,[Field-2]-2_2_3-relatedword1,[Field-2]-2_2_3-relatedword2,[Field-2]-2_2_3-relatedword3,[Field-2]-2_2_6-relatedword1,[Field-2]-2_2_6-relatedword2,[Field-2]-2_2_6-relatedword3,[Field-2]-2_3_1-relatedword1,[Field-2]-2_3_1-relatedword2,[Field-2]-2_3_1-relatedword3,[Field-2]-2_3_2-relatedword1,[Field-2]-2_3_2-relatedword2,[Field-2]-2_3_2-relatedword3,[Field-2]-2_3_4-relatedword1,[Field-2]-2_3_4-relatedword2,[Field-2]-2_3_4-relatedword3,[Field-2]-3_1_1-relatedword1,[Field-2]-3_1_1-relatedword2,[Field-2]-3_1_1-relatedword3,[Field-2]-3_1_6-relatedword1,[Field-2]-3_1_6-relatedword2,[Field-2]-3_1_6-relatedword3,[Field-2]-3_1_3-relatedword1,[Field-2]-3_1_3-relatedword2,[Field-2]-3_1_3-relatedword3,[Field-2]-3_2_5-relatedword1,[Field-2]-3_2_5-relatedword2,[Field-2]-3_2_5-relatedword3,[Field-2]-3_2_2-relatedword1,[Field-2]-3_2_2-relatedword2,[Field-2]-3_2_2-relatedword3,[Field-2]-3_2_3-relatedword1,[Field-2]-3_2_3-relatedword2,[Field-2]-3_2_3-relatedword3,[Field-2]-3_3_1-relatedword1,[Field-2]-3_3_1-relatedword2,[Field-2]-3_3_1-relatedword3,[Field-2]-3_3_2-relatedword1,[Field-2]-3_3_2-relatedword2,[Field-2]-3_3_2-relatedword3,[Field-2]-3_3_4-relatedword1,[Field-2]-3_3_4-relatedword2,[Field-2]-3_3_4-relatedword3,LangSpoken,Lang_0-5,Lang_6-12,Lang_13-18,Eng_classes,Eng_classes_time,Eng_classes_amount,Caregivers_speak_Eng,Eng_travel,Eng_country
first,sp51,Female,20,Yes,foto,retrato,arte,colcha,limpias,nuevas,secadora,ropa,limpia,bote,sucio,bolsa,trapear,pizo,sucio,ropa,limpiar,secar,ropa,arretes,nieve,descuento,tienda,caro,biles,monedas,billetes,pollito,comer,cena,helada,alcohol,borracho,chocolate,dulce,azucar,futbol,redonda,nueva,futbol,ganar,final,futbol,deporte,bueno,huesos,doctor,examen,doctor,medico,golpe,dolor,doctor,enfermera,azul,planchada,playera,nuevo,caro,bonito,pijama,mezclilla,planchados,carro,auto,licensia,viaje,ropa,organizada,casa,hogar,refujio,hielo,agua,frio,sol,temperatura,helado,aire,nublado,frio,banana,banana,banana,sleep,night,dream,self,reflection,silver,clean,carpet,spill,dirty,laundry,shelfs,food,chef,boyardee,crisp,heat,warm,retail,grocery,clothes,clearance,store,clothes,discount,fancy,money,carbonated,bubbles,coke,beef,chicken,salami,healthy,lettuce,tomato,video,play,fun,player,team,effort,goalle,player,soccer,wheelchair,disabeled,walk,doctor,medicine,pain,weight,food,exercise,blue,ironed,clean,beanie,cowboy,black,summer,spring,short,sky,clouds,economy,sun,sand,ocean,apartment,home,house,water,cloud,puddle,beach,hot,summer,winter,snow,coat,"spanigh, english",spanish,spanish,spanish,Yes,"elementary through high school, college",28,No,No,
first,sp52,Male,35,Yes,arte,para legos,fotos,dormir,almohada,descansar,ropa sucia,jabon,trastes,reciclar,plastico,bote,trapear,limpiar,basura,las manos,los trastes,ropa,empleado,de coches,de comida,tienda,walmart,Felicidad ,peso,dolares,monedas,cena,rancho,huevos,dos equis,fiesta,relajar,flan,delicioso,pastel,futbol,beisbol,tenis,futbol,championes,los tiburones de veracruz (equipo),futbol,empleado,profesional,embarazo,medico,cancer,medica,de cabeza,aspirina,hospital,mi esposa,salud,blanca,estilo,deportes,formal,zapatos,maquillaje,camisetas,zapatos de vestir,corbata,coche,camineta,gasolina,viaje,avion,vacaciones,vacaciones,viajar,explorar,esquiar,muñeco de nieve,divertirse,sol,playa,mar,aire,pajaros,aguila,banana,banana,banana,sleep,rest,tired,wall,Snow White,bathroom,cleaning,cat fur,carpet,dishes,laundry,carpet,dinner,healthy,delicious,shirt,pants,steam,groceries,dollar,pet,store,second-hand,thrifty,car,house,mortgage,sugar,high-fructose corn syrup,rootbeer,chicken,beef,lamb,greek,kale,ceasar,soccer,basketball,board,soccer,life,Coach (brand),soccer,game,football,sprain,boot,cast,fever,chills,doctor,water,exercise,biking,tie,suit,iron,top,baseball,fedora,shoes,jacket,blouse,travel,vacation,family,sand,ocean,sun,apartment,Rent (the musical),economical,petrichor,flowers,lightning,burn,skin cancer,clouds,snow,blanket,jacket,"Spanish, English, some Swahili and French",Spanish,"Spanish, English","Spanish, English",Yes,"Elementary school, high school","2 years elementary school, 4 years in high school",Yes,Yes,Kenya - 3 years (Peace Corps)
first,sp53,Male,21,Yes,mona lisa,lindo,cuadrado,blanco,cama,sueno,ropa,bleach,blanco,papel,cesta,comida,escoba,casa,sucio,ropa,blanco,lavadora,dinero,comida,muchacha,ropa,limpiar,bate,verde,moneda,mucho,arroz,casa,papa,frio,malo,verde,carne,sopa,pollo,cuba,beisbol,volebol,champions league,real madrid,trofeo,play,playground,soccer,carro,cuba,abuelo,olor,cabeza,cuello,dinero,ambulancia,rojo,blanco,negro,grande,rojo,boda,hermana,roto,azul,apretado,carro,rapido,cansado,aeroopuerto,negro,carro,far,lejos,distant,blanco,frio,snow,rojo,sudor,sol,tornado,blanco,frio,banana,banana,banana,queen,soft,pillow,reverse,clear,image,jet,shark,loud,laundry,wet,dry,banana,pressure cooker,hot,metal,sheets,clothes,walmart,publix,dollar store,percent,red,walmart,car,house ,debt,coke,sprite,gas,red,pan,steak,green,tomato,leaf,chess,computer,xbox,bill,real madrid,football,black,white,whistle,legs,bandage,injury,doctor,bed,soup,apple,death,bright,white,v neck,long sleeve,adidas,black,nike,girl,red,black,jet blue,high,big,shells,sand,water,car,uhaul,fedex,wet,clouds,umbrella,red,yellow,orange,snow,jacket,new york,spanish and english,2,,,Yes,"elementary school, middle school and high school",15,No,Yes,"United States, 16 years"
first,sp54,Male,23,Yes,pintura,museo,cubo,delgadas,suaves,grande,habon,lavanderia,ropa,roto,mal olor,feo,limpiar,piso,carpeta,manos,jabon,agua,raspado,helado,rosas,caramelo,zapatos,venta,banco,trabajo,billetera,almuerzo,a la brasa,sopa,tomando,refrescante,burbujas,dulce,comida,rico,deportes,tennis,futbol,torneo,defensa,ganando,de futbol,de hockey,juego de video,rayos X,doctor,hueso,cabeza,pierna,brazo,miedo,peligro,grave,chaleco,ensima,colores,boda,esposa,bailando,ropa,largo,marron,carro,carretera,cuidado,ropa,vacacion,zapatos,capacidad,sitio,hotel,frio,mojado,resbaloso,verano,calendator,sol,frio,soplar,otoño,banana,banana,banana,sleep,warm,safe,glass,reflection,confusion,suck,clean,whirr,sweep,mop,wipe,sear,chop,dinner,flat,wrinkles,steam,items,cashier,money,sale,half off,percentage,house,car,bills,bubbly,sugar,cola,beef,pork,chicken,lettuce,tomato,crouton,video,ball,play,train,sport,whistle,stripes,whistle,rules,lean,support,grab,ill,contagious,bad,doctor,body,strong,cotton,wool,colorful,head,soft,comfortable,uniform,fabric,flow,high,clouds,engine,sand,waves,ball,apartment,studio,house,wet,splash,cold,hot,rays,melt,wet,wind,freeze,English and Spanish,Spanish,Spanish,Spanish,No,,,No,Yes,I have lived in the US for 23 years. My whole life.
first,sp55,Male,20,Yes,caro ,único ,familia ,dormir ,somnoliento  ,cálido ,jabón ,ropa ,caro ,apestoso ,grande ,comida ,rápido  ,faena ,fácil ,limpio ,agua ,jabón ,dinero ,costo  ,caro ,dinero ,descuento ,contento ,cuenta ,valor ,número ,comida,animal,comida fritas,borracho ,fuerte ,enfermo ,dulce  ,caloría ,sabroso ,fútbol ,deporte ,jugar ,fuerte ,ganador ,valor ,deporte ,mejor ,victorioso ,hospital ,doctor ,aterrador ,doctor ,dinero ,costo ,doctor ,salud ,medicamento ,ropas,precio,color,celebracion,quinceanera,bodas,suave ,cinturón  ,caro ,auto ,licencia ,experiencia ,viaje ,afuera ,senderismo ,binito,tipo,normal,frío ,invierno ,calma ,bebida fría ,aire acondicionado ,playa ,frío ,hoja ,nubes ,banana,banana,banana,soft,rest,sleepy,myself,reverse,real,loud,annoying,power,soap,washing,scrub,stove,ingredients,fire,clothes,steam,water,cost,discount,want,store,coupons,promotion,money,cost,sad,bad,sugar,calories,cook,beef,food,healthy,nutritious,good,computer,fun,multiplayer,sport,gym,highschool,fair,sport,active,doctor,hospital,medical,medicine,doctor,stay home,diet,health,body,color,soft,cost,accessory,style,sun,summer,going out,cute,travel,vacation,cost,sunny,hot,ocean,time,cost,affordable,wet,spring,home,bright,hot,shadows,jacket,snow,winter,English,Spanish,English,English,Yes,Elementary,5,No,No,
first,sp56,Male,34,Yes,pintura,dibujo,artista,cama,dormir,blanco,secaropa,ropa,sucio,bolsa,vidrio,carton,escoba,polvo,afuera,ropa,sucia,blanca,ambulante,kiosko,caramelos,papel,oferta,supermercado,banco,cambio,salvar,comida,cena,papas,lata,vino,vaso,vainilla,pudin,chocolate,futbol,basketball,juego,futbol,ganar,copa,futbol,pelota,gol,doctor,hospital,huesos,rodilla,rojo,sangre,hospital,enfermera,estetoscopio,barcelona,futbol,diez,traje,lindo,flores,jeans,largo,cinturon,automobil,gasolina,licensia,viaje,marron,ropa,hotel,cama,viaje,blanco,Montaña,esqui,frio,verano,invierno,jardin,hojas,arboles,banana,banana,banana,sleep,white,bedsheets,reflection,myself,morning,clean,dirt,hair,dirty,broom,vacuum,food,dinner,hungry,wrinkle,shirt,steam,buy,goods,money,save,money,online,watch,car,house,coca cola,glass,bubbles,beef,barbeque,dinner,tomato,lettuce,onion,nintendo,television,controller,football,soccer,training,black,game,stopwatch,hurt,doctor,cast,disease,cough,sleep,smile,sunny,run,white,tie,suit,panama,straw,style,dress,pretty,date,ticket,travel,bags,sand,summer,vacation,house,apartment,bills,umbrella,water,wet,sunscreen,hot,sunglasses,winter,shiver,clothes,"spanish, english, korean","spanish, korean","spanish, korean","spanish, korean, english",Yes,"Primary school, then moved to USA for high school and college.",10,No,Yes,"United States, live there for 20 years"
first,sp57,Female,22,Yes,foto,certificado,pintura,dormir,despiertar,caliente,ropas,camisas,sabanas,hombres,desperdicios,sobras,piso,bruja,escoba,platos,manos,ropas,comida,tacos,empanadas,economico,simplemente,camisa,rico,pobre,compras,rico,caliente,pechuga,alcohol,vino,tequila,flan,torta,tres leches,futbol,beisbol,jugar,titulo,champion,competicion,futbol,basquetbol,cartas,pecho,brazo,espalda,medico,medicina,brazo,clinico,dolor,emergencia,blusa,pantalones,camisa,blusa,color,camisa,camisa,camiseta,blusa,carro,autobus,estacionar,viajar ,aeropuerto,pasaporte,vacaciones,viajar,calor,frio,blanco,nublado,temperatura,frio,caliente,frio,nublado,brisa,banana,banana,banana,sleep,blanket,pillow,image,reflection,outfit,clean,carpet,bedroom,bedroom,toilet,sweep,meal,dinner,breakfast,shirt,pant,blanket,bread,groceries,department,cheap,simple,old,car,house,rent,hamburger,cheeseburger,fries,red,raw,cooked,tomato,cucumber,healthy,video,crossword,puzzle,sport,championship,soccer,football,soccer,sport,pain,help,support,medical,fever,cold,fitness,cardio,yoga,blouse ,pant,t-shirt,shade,cap,sun,shirt,pant,mini,travel,sun,passport,sun,hot,sand,apartment,house,accommodation,umbrella,water,rain coat,hot,sand,beach,snow,windy,chilly,"spanish, english",spanish,spanish,english,Yes,Elementary school,1,No,Yes,New Zealand
first,sp58,Male,33,Yes,cubo,cuatro,cuadrado,dormir,colcha,cama,secadora,limpio,agua,sucio,olor,basurero,limpiar,trapear,escoba,limpiar,desinfectar,limpio,venta,mercado,negocio,ganga,chafo,alcanzable,lana,feria,varo,pechuga,gallo,proteina,borracho,alcohol,fria,dulce,comida,pastel,redonda,rebota,futbol,campeon,ganar,competencia,juego,corredor,deporte,imagen,hueso,fractura,sufrir,dolencia,golpe,doctor,salud,genio,vestir,botones,corbata,novia,sexy,rabon,piernas,apretados,entubados,conducir,carro,rapido,maletin,ropa,viaje,alojar,hechar,hawaii,frio,blanco,popocatepetl,caliente,sudor,ardor,aire,helado,ruidoso,platano,bananero,cuba,sleep,sheets,sex,reflection,glass,wall,loud,clean,dust,purify,disinfect,clear,prepare,food,eat,flatten,straighten,wrinkles,haberdashery ,shop,boutique,sale,lower,cheaper,unobtainable,costly,luxury ,pop,drink,sugar,flesh,protein,sustenance ,vegetarian,bowl,healthy,play,child,fun,trainer,leader,teacher,arbitrator ,judge,umpire,limp,aid,fracture,disease,infection,unhealthy,health,diet,exercise,garment,buttons,tie,head,headdress ,cowboy,short,sexy,legs,fly,fast,jet,sand,ocean,waves,lease,temporary,due,drops,water,wet,bright,warm,star,cool,emotion,winter,"English, Spanish","English, Spanish","English, Spanish","English, Spanish",No,,,Yes,Yes,"US, 30 years. "
first,sp59,Male,29,Yes,cubo,pintura ,arte ,lavadora ,dormier ,descanso ,secadora ,lavar,ropa ,tirar,apestoso ,podrido ,limpiar,escoba ,mugre  ,limpio ,agua,jabon ,persona ,dinero ,intercambio ,bueno ,pricio ,negocio ,problemas ,exportacion ,avaricia ,animal ,pajaro ,alas ,beber ,borracho,higado,comida ,dulce ,sabor ,deporte,juego ,actividad ,ganar ,competitividad ,esfuerzo ,deporte ,videojuego,ganar ,x-ray ,hospital ,radioactividad,accidente ,huesos,muerte ,doctor ,medicina ,trabajo ,cuerpo ,estilo,lavadora ,mujer ,moda,ropa,ropa,estilo ,piernas ,auto,moto ,accidente ,aeropuerto,viaje ,ropa,hotel ,familia ,dormier ,frio,artico ,oso polar ,sudor ,humidad ,incomodo ,aire,frio,movimento ,banana,banana,banana,sleep,rest,comfortable ,wall ,reflection ,glass,cleaning,dirt,effort ,dirt,effort ,action,food,eat,effort ,clothes,bench ,work ,business ,items ,exchange ,price,item ,business ,lame,money ,artificial ,drink,carbonated,bubbles ,human,dirty,dead,food,side,vegetables ,fun,controller ,activity ,train,sport,activity ,descension ,game,bought,private,pain,body,germs,virus,bacteria ,good,ok,beneficial ,clothes,body,store,head,wearable ,bald ,clothes,scottish ,woman ,airport,trip ,flying ,ocean,sand,sunny,home,money,business ,water,pour,flood,hot,burning ,fire,snow,frozen,white,English and Spanish,"English, Spanish",,,Yes,"Elementary, middle school, and high school.",3 semesters ,No,No,
first,sp60,Female,35,Yes,imagen,colgar,sala,frescas,limpio,cama,ropa,detergente,espuma,maloliente,acumulacion,reciclaje,escoba,polvo,limpiar,ropa,detergente,espuma,negocio,ganancia,dinero,objeto,oferta,ganga,intercambio,capital,trabajo,ave,comida,plumas,clara,espumosa,ambar,pastel,nieve,comida,juego,color,niños,torneo,equipos,competicion,deporte,equipo,competicion,huesos,hospital,estudio,fisico,incomodo,sufrir,servidor,salud,cuidado,algodon,verano,comodo,floreado,botones,volante,mezclilla,trabajo,cadera,carro,transporte,trayecto,viaje,vacacion,familia,casa,resguardar,habitacion,frio,blanco,invierno,sol,verano,exteriores,aire,primavera ,polvo,banana,banana,banana,rest,dream,intimacy,reflection,home,decorative,dust,cleaning,home,dust,home,impeccable,food,family,delicious,clothes,impeccable,sleek,items,money,bargain,offer,deal,bargain,money,cost,luxury,pop,sugar,burst,food,animal,carnivore,vegetables,healthy,green,play,kids,fun,team,sport,kids,play,sports,teams,body,genitalia,physical,illness,home,rest,good,energy,strong,summer,cotton,casual,men,vintage,spy,wind,legs,femenine,fly,sky,trip,summer,people,fun,place,bill,apartment,outside,wet,plants,summer,bright,hot,winter,snow,chimney,"English, Spanish",spanish,spanish,spanish,Yes,middle school,10,Yes,Yes,US when I lived in MX
first,sp61,Female,20,Yes,dinero,artista,colores,limpias,cama,descansar,detergente,suavizante,limpio,bolsa,comida,cucaracha,limpiar,trapear,esponja,limpio,ropa,esponja,dinero,cambio,mercancias,dinero,poco,gratis,moneda,billete,tarjeta,carne,arroz,frijoles,papa,cigarro,borracho,flan,cumpleaño,felicitaciones,futbol,juego,ganador,juego,carrera,dinero,juego,pelota,futbol,medico,examen,enfermero,cabeza,enfermo,pastilla,ambulancia,dinero,enfermera,pantalones,zapatos,medias,aretes,anillo,princesa,camiseta,medias,zapatos,camion,carro,frenar,libros,escuela,escritorio,internet,comida,limpio,blanco,frio,navidad,sol,piscina,miami,frio,lindo,sol,banana,banana,banana,sleep,pillow,comfortable,gorgeous,looks,fabulous,clean,dust,dyson,happy,sponge,soap,food,delicious,chef,hot,water,straight,money,ads,merchandise,free,money,half,money,rich,me,yummy,fizzy,sugar,nasty,beef,steak,caesar,green,fresh,winner,monopoly,fun,gymnastics,championship,skilled,game,football,winner,injured,hobble,hurt,cold,germs,virus,well,fit,apple,hawaiian,pineapple,cute,shoes,shirt,socks,pink,frilly,ugly,air,scary,packed,sand,ocean,high,landlord,money,expensive,water,wet,smelly,sunburn,hot,miami,chilly,jacket,shiver,spanish and english,spanish & english,spanish & english,spanish & english,Yes,high school,4 years,Yes,Yes,USA for my entire life
first,sp62,Male,27,Yes,foto,pared,colgar,cama,cobija,dormir,ropa,agua,jabon,bote,papeles,bolsa,escoba,tierra,recojedor,ropa,jabon,agua,nieve,raspados,elote,carro,bonito,dinero,dolar,effectivo,banco,pechuga,caldo,pierna,modelo,corona,borracho,pastel,galleta,azucar,futbol,patear,gol,futbol,trofeo,ganador,deporte,futbol,juego,medico,rayos,foto,cabeza,pierna,espalda,doctor,medicina,enfermo,playera,futbol,blanco,matrimonio,quicenanera,bailar,camisa,cierre,boton,carro,volante,troca,viajar,ropa,aeropuerto,cuarto,dormir,cama,frio,vainilla,fresa,caliente,verano,sudor,aire,despeinado,polvo,banana,banana,banana,sleep,soft,comfortable,reflection,wall,hung,dust,carpet,dogs,scrub,sweep,mop,pan,stove,fire,wrinkles,clothes,board,market,buy,products,sale,price,cheap,money,costly,rich,bubbly,coke,sweet,red,beef,steak,lettuce,tomato,dressing,video,football,win,football,basketball,sports,umpire,football,boxing,help,broken,assistance,illness,doctor,medicine,sick,apple,doctor,clothes,wear,buttons,baseball,sun,shade,dress,short,legs,fly,cramped,high,sand,ocean,sun,house,apartment,lease,wet,water,cold,beach,hot,sunscreen,sick,flu,fever,Spanish and English,Spanish,Spanish,Spanish,Yes,K-12 and College,14 years,Yes,No,
first,sp63,Male,20,Yes,arte,pintura,foto,cama,caliente,dormir,ropa,trabajar,secadora,bote,comida,animales,mapiar,dificil,piso,manos,pelo,cuerpo,trabajador,tienda,dinero,caro,tienda,ropa,pobre,rico,trabajo,cocinar,restuarante,comida,borachos,alcol,tienda,pastel,flan,cafe,equipo,escuela,competencia,torneo,jugadores,ganador,dinero,loteria,perder,estudio,peligro,cuerpo,espalda,pie,huesos,dinero,trabajo,injusto,playera,blanco,salir,verde,corto,mujer,playera,calor,vestir,caro,jovenes,accidente,viaje,ropa,avion,casa,hogar,familia,hielo,agua,frio,frio,playa,caminar,fuerte,frio,ciudad,banana,banana,banana,warm,rest,pillow,reflect,self,white,dust,clean,rug,sweep,mop,dust,food,chicken,rice,clothes,chore,hot,worker,boss,customers,store,cheap,price,cheap,clothes,furniture,can,bottle,drink,beef,pork,seafood,lettuce,tomatoes,carrot,win,lose,over,team,difficult,competition,game,fair,team,walk,leg,hurt,vommit,hurl,pain,hair,eyes,skin,blouse,white,black,hair,brown,tight,short,girl,patterns,flight,sick,snacks,ocean,volleyball,friends,apartment,car,expensive,money,tough,unfair,moon,star,hot,hot,drink,ocean,english,spanish,english,english,Yes,pre-k,1,Yes,No,
first,sp64,Male,22,Yes,fotografía,sonreír,nino,limpio,Fresco,huele bien,machine,agua ,habon,miercoles,city,sucio,teajaho,sucio,veijo,ropa sucia,buen olor,agua,helado,sandía,Fruta,Fruta,dinero,azul,verde,sucio,plata,gallo,pico,comida,cheap,sucio,verde,comida,dinero,poor,verde,baskeball,deportes,jugador,dinero,equipo,futbol,americano,dinero,doctor,hospital ,dinero,ouch,incómoda,mujer,docotor,hospital,nino,azul,amarijo,rojo,rojo,azul,verge,azul,largo,negro,caro,nissan,honda,basura,sucio,barato,hotel,dinero,agua,nino,dinero,agua,sudor,caliente,incómoda,salvar,dinero,gente,banana,banana,banana,sleep,nap,sex,mysefl,pretty,me,walmart,amazon,target,yes,no,maybe,women,food,hot,clothes,burn,hot,walmart,safeway,taco bell,cheap,walmart,kid,mall,store,walmart,gross,sugar,cola,cooked,raw,rotten,yuck,ew,gross,xbox,ps4,switch,black,basketball,sports,basketball,boxing,sports,idk,what ,huh,rotten,yuck,corona,fat,skinny,black,red,blue,green,blue,backwards,red,red,blue,green,fly,people,crowded,bikini,women,water,poor,kids,crowded,wet,cold,snow,hot,burn,yellow,hot,warm,freeze,english spanish,2,2,2,Yes,highschool,1,Yes,No,
first,sp65,Female,27,Yes,Círculo ,Triángulo ,Rectángulo ,Almoada ,Cama ,Edredón ,Secadora,Ropa,Canasta ,Sucio,Botar,Reciclar ,Trapear,Recogedor ,Limpiar ,Limpiar,Ensuciar ,Sucio,Dinero,Comprar,Productos ,Dinero,Caro ,Comprar,Salario ,Compras ,Gasolina ,Gallina ,Pollito,Huevo ,Alcohol ,Bebida,Liquor ,Helado,Dulce,Comida ,Fútbol ,Correr,Gol ,Competencia,Campeón ,Juego ,Atlético ,Campeoneta,Juego ,Ultrasonido ,Imagen ,Pulmones ,Duele,Medicina ,Incomodidad,Medicina ,Enfermera,Hospital ,Ropa,Pantalones,Blusa ,Falda,Blusa,Verano ,Falda,Camisa,Ropa,Carro,Trabajo,Tráfico ,Viaje ,Vacación ,Avión ,Vacación ,Hotel ,Acomodación ,Frío ,Hielo ,Invierno ,Sudar,Sol,Caliente ,Nube ,Mar,Frío ,Banana,Banana,Banana,Sleep,Pillow,Mattress,Reflection ,Make-Up,Beauty ,Carpet,Pet hair,Dust,Dirty,Sweep,Mop,Food,Kitchen ,Prepare,Heat,Ironer ,Clothes ,Products ,Food,Buyer,Money,Sale,Buyer ,Money ,Seller,Business,Beverage ,Gas,Drink ,Beef,Chicken ,Fish ,Vegetable,Tomato,Healthy ,Competition ,Fun ,Winner ,Mentor,Sports,Exercise,Sport,Game,Rules,Fracture ,Bones,Heal,Doctor,Flu,Hospital,Doctor ,Examination ,Medicine ,Clothes,Pants,Skirt,Shade,Headwear ,Fashion ,Clothes,Dress,Flowy ,Fly,Transportation ,Travel,Sun,Ocean ,Water,Apartment ,Car,Borrow,Water,Clouds,Precipitation ,Hot,Burn,Star,Winter,Breeze,Chilly,English and Spanish,Spanish ,English/Spanish ,English/Spanish,Yes,Elementary school ,2,No,No,
first,sp66,Female,27,Yes,sala,photo,diploma,rebozo,cama,cobija,secadora,ropa,tendedero,bote,papeles,calle,trapiar,limpiar,escoba,secar,tender,jabon,elotes,mercado,dinero,caro,mercado,comprar,bolsa,comprar,gastar,loco,rosticeria,salsa,limon,michelada,fiesta,flan,pastel,donas,baloncesto,futbol,juego,mundial,futbol,equipo,partido,uniforme,futbol,hospital,dentista,huesos,sobar,vendar,reposar,hospital,enfermera,estetoscopio,pantalones,cinturon,zapatos,zapatos,fiesta,boda,camisa,zapatos,cinturon,carro,camioneta,coche,ropa,zapatos,viaje,hospedaje,viaje,gente,helado,viaje,chamarra,sol,agua,ropa,cobija,ventana,chamarra,banana,banana,banana,sleep,blankets,pillows,reflection,dirty,clear,dust,clean,power,scrub,wipe,dust,clean,eat,food,wrinkles,clothes,board,buy,money,consume,savings,percent,sale,money,bank,spend,pop,coke,drink,dirty,blood,animals,tomato,lettuce,fork,play,team,coach,team,game,players,game,team,points,harm,hinder,help,cough,cold,medicine,meals,movement,water,pants,shoes,belt,straw,cap,hair,shirt,dress,shoes,fly,air,travel,volleyball,sand,sun,owe,pay,have,umbrella,wet,cold,hot,strong,bright,heater,jacket,weather,English and Spanish,Spanish,Spanish,Spanish and English,No,,,No,No,
first,sp67,Female,20,Yes,circulo,trangulo,pintura,cobija,sabana,sueter ,secadora,limpiadora,aspiradora,desechos,chatarra,restos,trapiar,limpiar,sacudir,limpiar,asear,recojer,comerciante,tendero,negociante,economico,ahorrativo,caro,cambio,billete ,credito,carne,pollito,rez,bebida,alchol,tequila,pastel,dulce,botana,bola,futbol,circulo,competencia,rival,juego,participante,voluntario,juego,x-ray,mri,radio,lastima,duele,quema,doctor,paciente,enfermera,blusa,camisa,playera ,falda,vestuario,escote,falda ,blusa ,calzon,caminar,vehiculo,carro,mochila,bolsa,cartera,vacaciones ,soledad,bosque,hielo,agua,invierno,verano,caliente,sol,aire,huracan,brisa,banana,banana,banana,sofa,couch,blanket,reflection,glass,window,dishwasher,mop,broom,wash,pickup,mop,cut,heat,bake,clothes,heat,iron,retail,shop,commerce,offer,coupon ,vouches,extravagant,rippoff,quality,pop,drink,coke,chicken,animal,beef,dressing,vegtables,diet,videogame,puzzle,sports,bed,tv,sofa,player,sport,manager,handicap,wheelchair,bandages ,cold,ill,disease,unhealthy,fruits,vegetables ,undershirt,pants,skirt,head,cover,cap,shirt,pants,shorts,jet,car,train,lake,water,sand,tenant,lease,landord,water,snowing,storm,moon,hot,day,hot,warm,freezing,spanish and english,spanish,spanish/english,spanish/english,Yes,"high school, elementery school",6 years,No,Yes,USA I live there
first,sp68,Male,29,Yes,fotografía,decorar,familia ,cama,cobija,almohada,ropa,jabon,agua,sucio,mal,limpio,limpio,doncella,cocina,jabon,agua,manos,trabajar,comprar,vender,comprar,caro,vender,comprar,compras,caro,pájaro,comer,cocinero,pinta,beber,caña,pastel,helado,flan,jugar,circulo,divertido,gigantes,futbol,equipo,jugar,juegos,equipo,doctor,máquina,medicamento,llorar,muerte,medicamento,medicamento,asustado,disparos,camisa,corbata,zapotos,mujer,bonita,nina,camisa,cinturón,planchar,escoba,cepillo,bano,mochila,llevar,escuela,casa,habitación,cubierta,frio,tiempo,jugar,verano,sediento,sudor,tiempo,otoño,chaqueta ,banana,banana,banana,sleep,blanket,pillow,appearance,look,smile,living room,carpet,maid,house,room,maid,boil,saute,chop,clean,press,laundry,snacks,groceries,money,sale,deal,saving,cheap,money,buy,drink,sugar,bubbly,lamb,chicken,turkey,dinner,diet,healthy,team,players,win,train,workout,yell,game,match,team,hurt,injured,healing,ill,rest,uncomfortable,food,exercise,water,wear,pants,shoes,head,wear,cold,style,woman,girl,fly,airport,travel,warm,sand,swim,aparment,house,insurance,wet,cold,storm,summer,sunshine,lemonade,winter,jacket,shiver,"english, spanish",spanish,english,english,No,,,Yes,No,
first,sp69,Male,18,Yes,,,,platano,,,lavar,agua,ropa,plastico,cocina,papel,,,,arreglar,platos,agua,elotes,tamales,paletas,dinero,caro,menor,barato,caro,mucho,feliz,loco,arroz,fiesta,hombres,alcohol,pastel,galletas,,,,,futbol,partido,jugar,futbol,partido,jugar,,,,dolores,duele,medicina,medicina,tomar,tratamiento,pantalones,camisa,ropa,vestir,ropa,mujer,camiseta,ropa,lavar,carro,coche,,jugar,cocina,,accomodacion,habitacion,,raspado,montañas,frio,hace,sol,caldo,,,,banana,banana,banana,sleep,blanket,pillow,song,reflection,,cleaning,vacuuming,,wash,mop,sweep,cooking,food,,clothes,board,,vendor,sell,buy,price,decrease,cheap,money,lots,,refreshing,sweet,carbonated,pork,chicken,beef,lettuce,tomato,cucumber,toy,sports,play,referee,sports,game,soccer,football,basketball,injury,,,doctor,medicine,,weight,food,exercise,pants,dress,,cap,accessory,,dress,clothes,,travel,cockpit,fly,play,water,ocean,house,apartment,landlord,raining,clouds,,solar,hot,heat,winter,jacket,freeze,Spanish and English,Spanish,English,English,Yes,K-12,13 years,Yes,No,
first,sp70,Male,20,Yes,bonito,fuego,naturaleza,almoada,cama,cuarto,ropa,secadora,tarea,afuera,ventana,huele,limpiar,escojer,cosas,cocer,agua,sano,dinero,mercado,helado,tienda,bueno,dinero,cambio,verde,fortuna,carne,comida,gallina,malo,padre,fiesta,helado,biscocho,viandas,juego,jugadores,esperando,jugadores,pelota,bueno,juego,pelota,futbol,hueso,celebro,cuerpo,hueso,cuerpo,cara,medicina,doctor,hospital,camisa,pantalones,zapatos,pantalones,fiesta,luego,camisa,camiseta,sentar,guiar,trabajar,ciudad,avion,aeropuerto,caja,casa,hotel,dinero,frio,norte,montana,fuego,sol,playa,coche,ventana,playa,banana,banana,banana,sheets,pillow,relax,reflection,self,image,clean,house,carpet,shampoo,soap,vacuum,oil,salt,vegetable,clean,press,warm,car,grocery,money,cheap,good,store,lavish,toity,cash,unhealthy,bad,carbonation,chicken,steak,fish,green,tomato,healthy,great,fun,entertainment,good,teach,motivation,sports,soccer,grass,easy,unfair,hold,unhealthy,bad,doctor,apple,vegetable,fruit,pants,underwear,socks,wear,top,head,female,clothing,legs,seat,comfortable,uncomfortable,hot,sand,water,house,car,bike,thunder,storm,dark,hot,cancer,vitamin,winter,north,snow,"English, Spanish",Spanish,Spanish,Spanish,Yes,Every year of school,14,Yes,Yes,"USA, 15 yrs"
first,sp71,Male,26,Yes,imagen,pintura,belleza,cama,cuarto,cubre,ropa,limpia,champu,sucia,inmundicia,desagradable,cerveza,adultas,borracho,manos,baño,ropa,compra,dinero,barata,baja,compra,querer,banco,cuenta,cuanto,comida,vaca,puerco,fiesta,ebrio,borracho,comida,azúcar,dulce,tocar,lanzar,deporte,deportes,juego,mejor,juego,divertida,controlador,médica,medicamento,lesión,daño,lesión,médico,medicamento,hospital,examen,ropa,calcetines,cajón,primavera,niña,mujer,ropa,calcetines,cajón,carro,autobús,camión,viaje,moverse,avión,Necesitada,pruebas,especial,invierno,copos,frío,verano,sudor,deportes,otoño,fría,soplar,banana,banana,banana,sleep,night,pillow,self,reflection,bright,suck,clean,carpet,dirty,stain,laundry,food,delicious,time,clothes,steam,wrinkle,sell,sale,cheap,sale,cheap,sell,high,price,sell,pop,sugar,unhealthy,food,umami,dinner,healthy,green,nutritious ,controller,player,team,sport,baseball,team,sport,team,rules,injury,hospital,sports,illness,doctor,hospital,salad,exercise,treadmill,drawer,clothes,top,hair,head,bald,girl,woman,dress,sky,ride,high,sand,sun,water,house,apartment,condo,drops,spring,showers,sky,bright,hot,winter,snow,temperature,Spanish and English,Spanish and English,Spanish and English,Spanish and English,Yes,Elemantary-College,25 years,Yes,Yes,Canada for a year
second,sp72,Male,26,Yes,Foto,Rescuerdo,,Cobertor,Lineas,,Lavanderia,Machina,,Mugre,Basurero,Mierda,Sacudir,Limpiar,Recoger,Limpiar,Enjuagar,,Empleado,Jefe,Encargado,Baratito,Bajo,,Lana,Peso,Dolar,Gallina,Huevo,,Chela,Kawama,Bud,Azucar,Pastel ,Pan,Bola,Redonda inflada,,Campion,Primero,Liguilla,Miembro,Equipo,,Rayos x,Ver,,Duele,Chema,Duro,Doctor,Enfermero,Enfermera,Camisa,Camisol,Playera,Ropa,Vestir,Elegante,Pants,Khakis,Vestir,Conducir,Ir,Direcio,Bolsin,Maletin,Bolsa,Separar,Ir,Despedir,Hielo,Frio,Agua,Caliente,Verano,Sudor,Aire,Soplon,Golpe,Banana,Banana,Banana,Lay,Hammock,Mattress ,Copy,See,Image,Dyson,Plug,Suck,Deep,Clean,Cleaning,Heat,Chef,Make,Flatten,Steam,Hot,Save,Shop,Liquor,Sale,Save,Cheap,Pricey,Much,Waste,Coke,Pop,Fizzy,Red,Beef,Cow,Healthy,Mix,Green,Play,Time,Win,Class,Train,Plane,Judge,Whistle,Call,Lean,Weak,Help,Unhealthy,Ill,Catch,Good,Health,Safe,T,Jersey,Plain,Shade,Visor,Cap,Mini,Pencil,Edge,Flying,Soaring,Charter,Coast,Sand,California ,Lease,Monthly ,,Pour,Shower,Water,Light,Star,Sunshine,Freezing,Chill,Cool,English and Spanish ,English and Spanish ,English and Spanish ,English and Spanish ,Yes,School,7,No,No,
second,sp73,Female,19,Yes,pintor,creativo,talento,limpias,frescas,bonita,ropa,limpiar,nuevo,viejo,sucio,limpiar ,sucio,cuarto,sala,ropa,sucia,limpia ,mercado,comido,joyas,huevos,comida,oferta ,poco,necesito,caro,frito,plumas ,animals ,desagradable,fuerte,alcol,galletas,dulce,rico,playa,arena,sol,ganar,difficil,orgullo ,futbol,parque,playa,huesos,fractura,accidente ,cabeza,espalda,rodillas ,enfermo,fiebre,ayuda,negra,sucia,grande ,bonito,rosado,escotado ,apretado,ropa,limpia ,cuidado,carros,tienda ,viajar,grande,rapido,habitacion,cuartos,personas ,frio,abrigo ,bufanda ,sol,verano,playa ,fuerte,frio,abrigo,banana,banana,banana,warm,blanket,soft,outfit,teeth,makeup,loud,room,dirty,room,clear,new,chicken,healthy,ham,board,pants ,clothes ,smell,items ,clean,budget,cheap,good,rent,scholarship,living,gas,tasty,bubbles,red,seasoned,cooked,healthy,vegetable,tomato,play,brother,fun,trainer,strong ,educated,coach,soccer,whistle , backache ,bed,pickup,flu,medicine,rest,strong,difficult,chips ,tight,white ,dirty,big,hot,wings,short,interview ,fancy,loud,high,birds,hot,games,sand,expensive,hard,money,thunder,sleep,home,hot,shiny,bright ,sweater,blanket ,bed,Spanish and English,spanish,spanish,spanish ,Yes,elementary school,10 + years ,No,No,
first,sp74,Female,24,Yes,fotos,arte,decoracion,cobijas,cama,almuadas ,lavar,ropa,secadora,dumpers,basurero,trashcan ,limpiar,escoba,piso,limpar,trastes,ropa,tienda,negocio,vender,compra,especiales,tienda,trabajo,rico,millonario,animal,comida,pajaro,alcohl,tequila,fiesta,pastel,flan,comida,futbol,football,tenis,trofeo,juego,competencia,futbol,juego,athleta,hospital,doctor,rayos exis,golpe,triste,llorar,doctor,hospital,clinica,ropa,pantalon,estilo,ropa,estilo,tacones,jeans,rompa,camisa,carro,calle,conductor,viajar,empacar,avion,casa,refugio,rentar,invierno,temporadas,dicembre ,verano,sol,sudar,aire,outdoors,frio,banana,banana,banana,blankets,pillow,bedroom,reflection,bathroom,lighting,cleaning,chores,dust,chores,mop,sweep,pasta,dinner,breakfast,steam,clothing,neatness,shopping,groceries,clothing,promotion,clearance,deals,money,luxury,budget,drinks,carbonated,refreshment,animals,food,protein,healthy,vegetarian,diet,challenge,players,winner,game,players,motivation,game,coach,players,hurt,armpit,support,unhealthy,ill,tired,safe,diet,in shape,jeans,clothing,fashion,head,accessory,fashion,clothing,style,fashion,travel,airport,luggage,summer,ocean,sand,money,temporary,payments,cloudy,cold,wet,outdoors,daytime,sky,weather,winter,coat,2,Spanish,English and Spanish,English and Spanish,No,,,Yes,No,
first,sp75,Male,22,Yes,figura,arte,pared ,cama,cobija,almohada,secadora,ropa,detergente,sucio,cesto,bolsa,trapiar,limpiar,quehacer ,ropa,limpiar,quehaceres,tienda,coprar,dinero,poco,ahorrativo,precio,comprar,billete,moneda,asado,rancho,tacos,ebrio,amigos,comida ,pastel,galleta,dulce,jugar,botar,niños,deportes,ganar,competencia ,futbol,athleta,campeon,huesos,doctor,dentista,golpe,tristesa,doctor,doctor,medicina,hospital ,ropa,pantalon,camisa,gala,elegante,dama,mezclilla,ropa,camiseta,auto,carretera ,viajar ,viajar,avion,equipaje,hospedaje,hotel,posada,oblivious,ignorant,unknowing ,caliente,sol,verano,aire,frio,fresco,banana,banana,banana,sheets,sleep ,pillows,bathroom,refelective,self,carpet,dust,chores,chores,disinfect,clean,bake,food,chef,clothes,pressed,wrinkle free,buy,goods,deals,bargin,inexpensive,deal,luxary,quality,status,drink,sweet,carbonated ,steak,delicious,bacon,lettuce,dressing,croutons,fun,friends,win,train,sports,mentor,sports,whistle,rules,rely,dependant,broken,disease,cough,sneeze,excercise,vegtables,vitamins ,clothes,pants,top,head,beanie,style,buisness,clothes,leggings,trip,flying,sky,ocean,sand,sunset,house,car,borrow,clouds,dark,water,hot,star,summer,winter,freezer,ice,"Spanish, English","Spanish, English","Spanish, English","Spanish, English",Yes,"middle school, high school, college",8+ years,Yes,No,
first,sp76,Male,28,Yes,rectangulo,triangulo,cuadrilatero,llano,llanura,pradera,secadora,lavarropas,electrodommestico,residuous,mugre,desecho,limpiar,arreglar,cepillar,banar,limpiar,enjuagar,tendero,distribuidor,comerciante,accesible,modico,asequible,plata,billete,cash,pollito,gallina,gallo,ale,chela,trago,colacion,dulces,fian,bola,ovillo,esfera,competicion,contienda,torneo,deportista,atleta,participante,foto ,ilustracion,fotografia,dinero,pregunta,vivencia,doctor,especialista,cirujano,blusa,polo,camisa,tunica,pollera,minifalda,los jeans,chinos,overols,utilizar,usar,emplear,bolsa,valija,cartera,acomodo,albergue,hostal,helado,hielo,invierno,caliente,sofoco,calidez,aire,brisa,corriente,banana,banana,banana,couch,berth,billet,reflector,glass,speculum,air fryer,dryer,refrigerator,mop,sweep,organize,roast,grill,singe,steel,bronze,copper,market,grocer,shop,reduction,deduct,rebate,pricy,exorbitant,lavish,coke,pepsi,dr.pepper,steak,sirloin,chicken,vegetables,dressing,seasoning,sports,activities,pastimes,mentor,tutor,educator,umpire,judge,assistant,staff,support,stick,infirmed,ill,nauseous,fit,vigorous,hearty,polo,sweater,T-shirt,fedora,helmet,headpiece,border,edge,fringe,aircraft,airliner,jet,sandy,shore,sea,lease,lend,charge,droplets,water,storm,star,solar system,dwarf star,chill,coldness,freeze,"spanish, english",2,2,2,Yes,Throughout high school,2  semesters,No,No,
first,sp77,Female,18,Yes,foto,television,matematicas,cama,cobija,colchon,detergente,ropa,cloro,cascara de banana,envoltura,plastico,escoba,recojedor,polvo,limpiar,jabon,detergente,el paletero,el eletero,el panadero,tienda del dollar,la pulga,cosas usadas,rico,banco,casino,plumas,comida,granja,corona,victoria,dos xx,flan,pastel de queso,fresas con crema,basketball,futbol,volleyball,trofeo,medalla,oro,futbol,tennis,beisball,cuerpo humano,rayos x,rayos de sol,depresion,estomago,trauma,doctor,enfermera,paramedico,camisa,sueter,polo,mujer,elegante,formal,camisa,shores,mezclilla,carro,bicycleta,tren,viajar,empacar,mudarse,hogar,casa,hospedaje,frio,antartica,hielo,el sol,texas,el descierto,tornado,huracan,tormenta,banana,banana,banana,blanket,bed sheets,bed bugs,reflection,spirit portal,ghosts,dust,moms,dog hair,soap,hygiene,neat,chef,hungry,food,clothes,ironing board,maid,walmart,sam's club,mini mart,special,black friday,dollar store,rich,refined,elegant,coke,7 up,pepsi,cow,pig,steak,tomato,lettuce,vegetarian,pacman,super mario,kirby,healthy,fit,athletic,soccer,basketball,sport's game,disabled,paraplegic,handicapped,ill,fever,flu,fit,salads,sports,summer,shorts,tank top,cap,fedora,beret,blouse,pants,tank top,pilot,passengers,flight attendant,sun,ocean,crabs,apartment,house,car,water,storm,flood,skin cancer,summer,texas,flu,alaska,penguins,spanish and english,spanish,spanish,spanish,No,,,Yes,No,
first,sp78,Female,21,Yes,decoracion,sala,pintura,cobija,cama,almohada,ropa,sabanas,toallas,reciclar,bolsas,desperdicio,limpiar,casa,trapear,ropa,trastes,carro,ropa,tienda,ambulante,mayoreo,comercial ,compras,monedas,efectivo,banco,asado,comida,rico,alcohol,limon,clamato,dulce,galleta,pastel,jugar,escuela,deporte,final,futbol,ganador,deportes,juegos,competencia,hospital,laboratorios,doctor,caida,moreton,estomago,profesional,escuela,hospital,casual,pantalon,sueter,zapatos,joyas,cena,blusa,camiseta,cinturon,carro,finanzas,moto,viajar,ropa,limpiar,apartamento,cambio,mudanza,frio,invierno ,navidad,sol,verano,calenton,frio,polvo,aire,banana,banana,banana,comforter,sheets,blanket,decor,vanity,lights,carpet,rug,dust,mop,broom,disinfectant,meals,preparation,ingredients,presentable,appearances,maintenance,clothing,sports,equipment,sale,affordable,cheap,luxury,money,status,pop,coke,sprite,animals,pork,beef,tomatoes,lettuce,dressing,monopoly ,sport,competition,sports,team,games,game,control,guide,broken,support,practical,bed,fever,cold,exercise,diet,running,merchandise,graphic,casual,accessory ,statement,fedora,cute,skater,circle,flying,commercial,private,sand,sun,volleyball,apartment,car,movie,wet,scent,mud,warm,summer,bright,winter,fall,snow,English and Spanish,English and Spanish,English and Spanish,English and Spanish,Yes,Elementary to college classes,4 semesters of college classes ,No,No,
first,sp79,Female,22,Yes,pared,foto,gato,cama,cobija,limpiar,ropa,sucia,limpio,bote,papel,mas,piso,escoba,pelo,lavador,trastes,comida,paleta,tamales,barato,soda,tienda,paleta,papel,capitalismo,sucio,pajaro,comida,huevo,borracho,bar,bebida,pastel,galleta,comida,jugador,futbol,blanco,futbol,jugador,pelota,futbol,jugo,pelota,doctor,hospital,enfermo,cabeza,doctor,hospital,paciente,medicina,enfermo,pantalones,ropa,limpiar,ropa,camisa,bonito,camisa,ropa,vestido,carro,anxiedad,costoso,viaje,ropa,shampu,hotel,motel,viaje,frio,diciembre,navidad,frio,verano,sudor,lumbre,frio,caliente,banana,banana,banana,sheets,blankets,sleep,wall,self,reflection,clean,floor,sweep,room,mop,vacuum,food,dinner,breakfast,clothes,pants,shirt,food,cheap,money,cheap,expensive,clothes,clothes,cheap,unfair,drink,water,sweat,food,expensive,chicken,word,food,leaf,video,soccer,expensive,soccer,guy,couch,soccer,ball,unfair,leg,hospital,ow,doctor,hospital,sad,food,salad,run,pants,clothes,dirty,head,glasses,scarf,dress,clothes,shirt,fly,food,loud,run,seashell,ocean,house,apartment,car,calm,wet,sad,hot,summer,sweat,hot,winter,breath,"English, Spanish, some French and Japanese",Spanish,"Spanish, English","Spanish, English",No,,,No,Yes,I've lived in the US my entire life.
first,sp80,Female,20,Yes,foto,arte,memoria,cobijas,cama,almohada,ropa,detergente,secadora,asco,lata,reciclaje,trapear,limpiar,aspirar,cocinar,planchar,trastes,ruta,oficina,negocio,caro,endeble,economico,empleo,cuentas,lujos,carne,asado,frito,fiesta,reunion,borracho,chocolate,budin,leche,deporte,mundial,amigos,competencia,entrenamiento,amistoso,futbol,voleibol,beisbol,cancer,hospital,medico,golpe,corte,lloro,enfermo,profesional,estudio,ejercicio,sudor,esfuerzo,fiesta,ceremonia,zapato,camisas,tenis,calctines,carro,bus,camion,viaje,alojamiento,mudansa,estadia,visita,universidad,invierno,frio,oscuro,caliente,verano,primavera,brisa,otono,calido,banana,banana,banana,sleep,pillow,mattress,image,picture,reflection,broom,mop,cleaning,sweep,mop,organize,bake,pan,spices,fold,ironing board,press,groceries,money,capitalism,cheap,clearance,savings,rich,money,purchase,can,pop,drink,chicken,steak,pork,lettuce,tomato,dressing,video,fun,board game,referee,sports,team,soccer,sports,foul,wounded,leg,heal,germs,bacteria,unwell,wellness,lifestyle,exercise,blouse,top,button,garment,scarf,cap,bottoms,pants,summer,sky,clouds,turbulence,sand,sun,water,borrow,lease,book,storm,water,cloudy,summer,sunny,warm,winter,snow,wind,"Spanish, English",Spanish,English,English,No,,,Yes,No,
first,sp81,Male,29,Yes,Arte,Cuadra ,Teatro ,Cama,Dormir,Comodo ,Maquina ,Limpio ,Ropa ,Papel ,Zafacon ,Reciclar ,Escoba,Limpiar,Piso ,Fregar ,Limpiar,Regadero,Negocio ,Producto ,Venta ,Guardar ,Gastar ,Producto ,Chavos ,Billete ,Centavo ,Gallo,Frito ,Asado ,Chela,Leche,Caguama,Biscocho ,Pastel,Dulce,Gol,Baseball,Baloncesto ,Boxeo,Futbol,Pelota ,Atletico ,Pelota,Ronaldo ,Medico,Herida ,Hueso,Golpe ,Golpear ,Cabeza,Doctor,Medicina ,Senor ,Camisa ,Ropa,Vestido ,Mujer ,Hermosa ,Bonita ,Mahones ,Bestir ,Azul ,Conducir ,Guillar ,Vehiculo ,Equipaje,Paquete ,Viaje ,Acomodar,Hospitalidad ,Amable ,Helado,Mantecado ,Frio ,Fuego ,Caliente ,Sudar ,Frio,Brisa,Invierno ,banana,banana,banana,Mattress,Pillow,Comfortable ,Bathroom,Glass,Reflection ,Dust,Clean,Suck,Neat,Organized,Spotless,Prepare,Boil,Fry,Steam,Hot,Neat,Market,Deli,Corner store,Cheap,Save,Money,Costly,Rich,Money,Sodie ,Pop,Can,Beat,Steak,Filet,Lettuce,Ceasar,Healthy,Playstation,Xbox,Switch,Basketball,Leader,Mentor,Game,Stripes,Official,Injury,Leg,Knee,ill,Vomit,Unhealthy ,Nutritious ,Wealthy,Fitness,Long sleeve,Crew neck,T-shirt,Cap,Fedora,Zombrero ,Shirt,Shorts,Legs,Aircraft,Cabin,Deck,Sand,Ocean,Water,Lease,Borrow,Not yours,Humid,Water,Drizzle ,Bright,Orange,Rays,Winter,Chilly,Lukewarm ,English and Spanish,Spanish,English/Spanish,English/Spanish,Yes,Elementary ,3,Yes,No,
first,sp82,Male,24,Yes,foto,rectangulo,pared,cobija,frio,cama,agua,jabon,ropa,olor,bote,bolsa,trapear,tierra,limpio,agua,jabon,ropa,fruta,dulce,plaza,caro,dinero,producto,caro,gastar,producto,frito,gallina,huevo,fria,fiesta,agua,nieve,flan,pastel,futbol,jugar,juego,futbol,balon,juego,fubol,balon,juego,,,,medico,sangre,sobar,sangre,dolor,pastillas,camisa,pantalon,ropa,mujer,tacones,fiesta,cinto,camisa,camiseta,carro,troca,cuidado,ropa,viaje,volar,,,,postre,frio,lluvia,sudor,aire,afuera,frio,lluvia,clima,banana,banana,banana,sleep,bedsheet,cold,reflection,car,store,broom,dirt,suction,mop,sweep,bleach,chicken,fish,hot,hot,wash,clean,product,deal,expensive,product,cheap,deal,product,fancy,advanced,drink,unhealthy,carbonated,hungry,chicken,beef,lettuce,tomato,hungry,soccer,ball,championship,soccer,play,improve,soccer,ball,champion,injury,medic,pain,cough,sneeze,medicine,young,exercise,diet,wash,washing machine,soap,shirt,pants ,shoes,women,heels,shorts,fly,suitcase,trip,ball,sand,water,house,car,expensive,water,snow,cold,hot,weather,outside,blanket,outside,weather,English and Spanish,Spanish,Spanish,Spanish,Yes,Elementary school to college,Elementary school to college-- 18 years,No,Yes,The US. I live here.
first,sp83,Female,21,Yes,foto,madera,forma,cama,dormir,cuarto,ropa,jabon,limpiar,olor,asco,botar,limpiar,pala,escoba,limpiar,secar,lavadora,comprar,dinero,mol,caro,ropa,compras,gastar,ahorrar,comprar,cominda,almuerzo,arroz,bebida,alcol,borracho,rico,chocolate,dulce,bola,deporte,jugar,ganador,futbol,fifa,futbol,deporte,juego,doctor,problema,tecnololgia,doctor,medicina,hueso,doctor,sangre,hospital,blusa,mangas,botones,baile,cena,cita,doblar,ropa,lavar,carro,calle,manivela,viaje,pais,aeropuerto,inclusivo,gratis,adaptar,frio,hielo,invierno,verano,infierno,fuego,tormenta,frio,playa,banana,banana,banana,comfortable,sheets,sleep,reflection,decoration,glass,clean,loud,suction,dust,mop,dishes,food,healthy,dinner,clothes,board,heat,groceries,food,buy,cheap,savings,money,shopping,life,bills,unhealthy,coke,fizz,undercooked,beef,pork,lettuce,dressing,tomatoes,fun,screen,outside,sports,mentor,guidance,foul,watch,whistle,injury,foot,hurt,pain,hospital,medicine,doctor,food,person,blouse,buttons,sleeves,beanie,cowboy,head,short,flowy,comfortable,fly,air,sky,sand,water,sun,house,apartment,money,sounds,relaxing,wet,hot,bright,star,winter,snow,house,English and Spanish,English and Spanish,English and Spanish,English and Spanish,No,,,Yes,Yes,"USA, live here"
first,sp84,Male,32,Yes,foto,casa,familia,dormir,cama,noche,trabajo,limpar,ropa,papel,casa,cocina,escoba,casa,madre,sabon,agua,sucio,tienda,chabo,carro,tienda,compra,dinero,chabo,trabajo,casa,finca,abuela,cocina,barre,fiesta,padre,flan,azucar,fiesta,juego,joven,sol,,,,bola,hombre,sol,doctor,hospital,cita,medico,medicina,cama,oficina,doctor,pastilla,dormir,cama,sabana,fiesta,iglesia,boda,correa,ropa,zapatos,caro,guiar,padre,viaje,avion,vacacion,vacacion,maleta,trabajo,blanco,frio,Navidad,agua,sol,afuera,montanya,sol,Puerto Rico,banana,banana,banana,pillow,blanket,sleep,reflection,glass,shine,dust,carpet,home,feather duster,water,tiles,frying pan,egg ,bacon,ironing board,shirt,mother,food,money,clerk,shop,ticket,store,jewelry,lobster,car,Can,straw,restaurant,beef,pork,chicken,fruit,olives,dressing,dice,family,dinner,whistle,baseball,man,soccer,game,match,cast,injury,leg,thermometer,bed,doctor,salad,outside,smile,belt,pants,shoes,heat,sun,shade,girl,hair,pretty,clouds,sky,ticket,umbrella,sun,sand,apartment,window,key,cloud,umbrella,sidewalk,beach,sunglasses ,daylight,ice,snowflake,igloo,"English, Spanish, French, Shikomori",Spanish,Spanish,Spanish,Yes,Grade school,12+ years,Yes,Yes,Canada 3 months
first,sp85,Female,29,Yes,pintura,fotograpfia,cuadradado,cama,dormir,decorar,lavar,ropa,agua,comida,regero,papeles,limpiar,vacum,escoba,ropa,limpiar,agua,tienda,merkadeo,productos,caro,menos dinero,gratis,rico,billonario,millonario,comida,animal,carnivoro,alcol,bebida,heineken,bizcocho,cheesecake,dulce,bola,juego,football,juego,competencia,ganador,juego,equipo,competencia,clinica,rayos x,colonoscopia,hospital,medicina,reposo,hospital,emergencia,enfermero,ropa,botones,larga,mujer,largo,falda,ropa,largo,jean,carro,jefe,trabajo,viajar,ropa,empacar,sin hogar,apartamento,vivienda,blanca,frio,invierno,caliente,verano,sudor,brisa,frio,invierno,banana,banana,banana,sheets,sleep,mattress,reflection,square,wall,floor,clean,suction,broom,sweep,white,chef,stove,pots,clothes,flatten,straight,clothes,furniture,sale,coupon,deal,less money,cars,money,rich,carbonated drink,sugar,liquid,food,animal,diet,tomatoes,lettuce,healthy,console,remote,screen,mentor,life coach,teammate,wrestling,fight,soccer,handicap,disabled,leg,medicine,quarantine,flu,diet,mental health,balanced,buttons,long sleeve,colored,cover,fitted,baseball cap,dress,colorful,woman,air,fly,passengers,sand,water,shells,apartment,credit chech,apartment,water,sky,clouds,heat,yellow,energy,winter,snow,shiver,"English, Spanish",Spanish,English & Spanish,English & Spanish,Yes,High School,2,Yes,No,
first,sp86,Female,31,Yes,pared,pintura,foto,cama,fundas,almohada,secadora,jabon,trapo,basurero,papel,plastico,limpiar,escoba,piso,secar,jabon,agua,vender,comprar,producto,caro,dinero,compras,pobre,necesidad,rico,carne,muerte,plumas,tomar,alcol,asqueroso,dulce,chocolate,torta,futbol,juego,deporte,juego,deportes,felizidad,deportes,pelota,atleta,cuerpo,esqueleto,huezos,calor,fiebre,inflamacion,enfermero,hospital,sangre,camisa,ropa,traje,falda,ropa,cinturon,chores,camisa,chaqueta,miedo,carro,automobil,viajar,ropa,aeropuerto,hotel,hostal,viajar,lluvia,frio,blanco,frio,verano,sudor,nube,cielo,lluvia,banana,banana,banana,sleep,comfortable,phone,silver,glass,reflection,cleaning,chores,rug,wash,chores,plates,eat,food,hungry,chores,boring,clothing,shopping,products,money,cheap,sale,money,cheap,money,budget,thirsty,unhealthy,sweet,murder,cow,raw,food,healthy,vegetables,monopoly,cards,table,team,sports,athletes,game,team,sports,lame,injury,ER,illness,flu,vaccine,well,food,sleep,bra,outfit,clothing,hair,head,small,tights,dress,slip,traveling,flying,cockpit,sunshine,sand,water,money,poor,property,shine,sky,water,heat,rays,sky,freezing,winter,outdoors,Spanish and English,Spanish,Spanish,Spanish and English,No,,,Yes,Yes,I have lived in the USA all my life
first,sp87,Female,23,Yes,Memoria,Pasado,Fotos,Cama,Dormir,Cobija,Ropa,Lavandería ,Dinero,Sucio,Grosero,Limpiar ,Limpiar,Escoba,Sucio,Limpiar,Secar,Tareas ,Dinero,Negocio,Tiendas ,Dinero,Ahorrar ,Tiendas ,Necesario ,Banco,Compras ,Comida,Carne,Animal ,Alcohol ,Cena,Fiestas,Pastel,Panadería ,Galletas ,Baloncestos,Divertido,Deportes ,Deportes,Equipos,Ganador ,Deportes,Equipos,Bolas ,Médicos ,Hospitales ,Enfermedad ,Cuerpo,Sana,Malestar ,Hospital ,Grave,Medicina ,Ropa,Suéter ,Blusa ,Ropa,Fiestas ,Femenina ,Ropa,Camisa,Atuendo ,Caro,Viajar,Licencia,Viaje ,Avión ,Empacar ,Cuarto,Habitación ,Dormitorio ,Frío ,Delicioso,Tiempo ,Verano,Vacaciones,Sudoración ,Tiempo,Fresco,Árboles ,Banana,Banana,Banana,Sleep,Blanket,Pillow,Reflection,Dirty,See ,Loud,Dirt,Necessary ,Sweep,Mop,Dust ,Food,Meals,Hot ,Wrinkly ,Chore,Professional ,Groceries ,Money,Spend ,Cheaper,Sale,Money,Money,Luxurious ,Unnecessary ,Fizzy,Unhealthy,Caffeine ,Chicken,Beef,Food ,Green,Healthy,Vegetables ,Outside,Crowd,Sports ,Sports,Team,Inspiration ,Sports,Fair,Uniforms ,Disability ,Injury,Aid ,Medicine,Bed,Rest ,Good,Active,Nature,Clothes,Pants,Outfit ,Head,Outfit,Cap,Clothes,Shirt,Outfit ,Travel,Flights,Luggage ,Sand,Water,Hot ,Bills,Temporary ,Houses,Weather,Water,Cold ,Moon,Hot,Planets ,Hot,Wet,Snow,English and Spanish,Spanish,Spanish and English,Spanish and English,No,,,Yes,No,
first,sp88,Male,23,Yes,pintura,photo,familia,cojinas,cama,ventana,ropa,secadora,domingo,escoba,papel,barrer,escoba,Domingo,limpiar,trastes,ropa,jabon,botanicas,monedas,cambio,dinero,comida,comprar,cambio,cien,cuenta,fajitas,loco,pollito,alcohol,tequila,tomar,pan,dulce,comer,jugar,futbol,ninos,compadre,campana,grito,futbol,equipo,tiro,radio,musica,leer,espalda,doctor,sana,hospital,clinica,enfermera,blusa,cami,traje,salir,negro,tacones,azul,piernas,vaqueras,carro,viaje,automatico,viajar,aeropuerto,empacar,hogar ,cama,rentar,chocolate,vainilla,melon,medioambiento,clima,agua,agua,lluvia,nubes,banana,banana,banana,sheets,pillow,sleep,makeup,steam,see,clean,sunday,broom,wash,dishes,broom,clean,eat,dinner,shirt,heat,steam,buy,change,food,free,cheap,extra,jewelry,money,rich,water,bubbles,drink,food,tacos,dinner,vegetables,dressing,food,football,video,soccer,football,soccer,team,coach,team,game,broken,bone,doctor,nurse,doctor,thermometer ,doctor,apple,health,tie,suit,pants,shirt,shade,sun,shirt,dress,heels,fly,trip,vacation,sand,sandals,water,buy,apartment,house,weather,clouds,umbrella,shade,hat,trees,winter,ice,wind,"Spanish, English",Spanish,"Spanish, English","Spanish, English",No,,,Yes,Yes,"England, 1 year"
first,sp89,Female,22,Yes,Pintura,Arte,Pincel,Almohada,Habitación,Cama,Secadora,Plancha,Escoba,Olor,Podrido,Inservible,cocinar,limpiar,trapear,Secar,Trapear,Barrer,comprador,tienda,mercado,Bueno,Accesible,Dinero,Riqueza,Millonario,Pobre,Frito,Agridulce,A la plancha,Tequila,Bar,Fiesta,Flan,Helado,Dulce,Jugador,Fútbol,Arbitro,Torneo,Jugador,Ganador,Futbol,Famoso,Atleta,Huesos,Doctor,Paciente,Salud,Incómodo,Tristeza,Doctor,Enfermera,Hospital,Blusa,Suéter,Pantalón,Ropa,Camisa,Zapatos,Camisa,Blusa,Chaqueta,Carro,Moto,Autopista,Viaje,Aeropuerto,Avion,Huésped,Habitación,Descanso,Antartica,Pinguino,Frío,Tropical,Isla,Sudor,Turbina,Marea,tornado,banana,banana,banana,pillow,bedsheets,bedroom,wall,clothes,makeup,mop,broom,duster,to dust,to desinfect,to sweep,to vacuum,to sweep,to mop,to cook,to sweep,to mop,cashier,groceries,food,sale,salesman,buyer,wealthy,billionaire,capitalism,pop,ice cream,shake,salad,healthy,food,lettuce,tomato,dressing,videogame,player,winner,athlete,soccer,exercize,field,stadium,soccer,walk,run,crawl,to get healthy,to feel better,to feel bad,unhealthy,happy,doctor,jacket,coat,sweater,bag,shoes,shirt,dress,shoes,heels,sky,airport,suitcase,sand,sea,fish,to pay,to buy,to sell,pouring,wet,umbrella,sunset,beach,desert,winter,hot,freezing,"Spanish, English",Spanish,"Spanish, English","Spanish, English",Yes,Middle School,10,No,Yes,"United States, 9 months"
first,sp90,Female,30,Yes,Decoracion,Pintura,Foto,Cama,Dormir,Cubrirse,Ropa,Limpira,Casa,Olor,Reguereo,Calle,Limpiar,Piso,Casa,Ropa,Casa,Limpiar,Comida,Ropa,Servicio,Compras,Finance,Expenses,Compras,Regalos,Zapatos,Comer,Carne,Ave,Bevida,Alcohol,Verano,Flan,Panetela,Dulce,Bola,Juego,Piscina,Medlla,Oro,Ganador,Deporte,Competencia,Juego,Huesos,Interior,Cuerpo,Cansancio,Medicamento,Cabeza,Medicina,Enfermo,Medicamento,Ropa,Pullover,Moda,Evento,Traje,Zapatos,Largo,Cinturon,Ancho,Carro,Camion,Motocicleta,Viaje,Ropa,Aereopuero,Hotel,Descanso,Vacaciones,Frio,Viento,Blanco,Verano,Playa,Piscina,Temperatura,Lluvia,Calor,Banana,Banana,Banana,Tired,Sleep,Bedroom,Reflection,Looks,House,Clean,Carpet,Dust,House,Kitchen ,Batheroom,Chicken,Chef,Restaurant,Closthing,Shirt,Pants ,Merchandise,Groseries,Buy,Money,Items,Shopping,Money,Brand,Shoes,Drink,Meal,Snack,Beef,Pork,Food,Diet,Health,Nutrients,Play,Friends,Enjoy,Sports,Baseball,Football,Sport,Boxing,Basketball,Injury,Leg,Doctor,Doctor,Hospital,Recover,Food,Exercise,Fit,Clothing,Pants,Jacket,Clothing,Shirt,Pants,Dress,Occassion,Heels,Fly,Travel,Engine,Sun,Heat,Sand,Housing,Appartment,Living,Weather,Sun ,Snow,Summer,Heat,Beach,Winter,Snow,Coat,"English, Spanish",English/Spanish,English/Spanish,English/Spanish,Yes,Middle School,5 years,No,No,
first,sp91,Female,30,Yes,Papel,Notas,Matematica ,Cama,Comoda,Alhmoada,Ropa,Limpia,Trabajo,Papelera,Sucio,Asco,Limpiar,Casa,Trabajo,Limpio,Lavandaria,Platos,Yo,Trabajo,Comisiones ,Economico,Felicidad,Buenisimo,Trabajo,Ahorro,Duro,Comida,Almuerzo,Broaster,Fria,Rica,Amigos ,Rico,Dulce,Cafe,Jugar,Deporte,Afuera,Mundial,Futebol,Deporte,Deporte,Diversion,Competicion,Medico,Examen,Hospital,Herida,Problema,Enfermedad,Saludo,Ayuda,Educado,Casual,Ropa,Practico,Elegante,Bonita,Linda,Ropa,Trabajo,Jeans,Carro,Licencia,Gerente,Viaje,llena,Ir,Viaje,Explorar,Felicidad,Sierra,Deportes,Frio,Playa,Costa,Rico,Frio,Playa,Ruido,banana,banana,banana,Tired,Comfortable,Happy,Self,Reflection,Image,Clean,Work,Home,Work,House,Chore,Work,Food,Home,Clothes,Elegant,Formal,Buy,Grocery,Spend,Good,Value,Save,Spend,Bad,Sad,Coke,Can,Unhealthy,Food,Cook,Cow,Healthy,Food,Lunch,Fun,Play,People,Useful,Sports,Help,Sports,Judgement,Fair,Help,Depend,Assistance,Sad,Bad,Hospital,Good,Balanced,Happy,Clothes,Clean,Laundry,Head,Sun,Baseball,Hot,Outside,Fun,Travel,Vacation,Explore,Fun,Summer,Warm,Pay,Unhappy,Monthly,Nice,Joy,Happiness,Summer,Beach,Warm,Ice,Heater,Winter,"Spanish, English",Spanish,Spanish,Spanish,No,,,No,Yes,"US, four years"
first,sp92,Female,31,Yes,canto,separada,cuarto,cama,rey,duvette,limpia,dios,reina,botelo,sacarlo,tiralo,cuando,sufficiente,bueno,dientes,pelo,platos,caro,chavo,barato,salvacion,mejor,sufficiente,trabajar,quiero,rico,fritada,arroz,sabor,llena,mas,quiere,dulce,delisioso,azucar,jugar,mami,contenta,quein,gana,juega,futbol,beisball,baloncesto,llesos (wesos),bebe,encontrar,braso,cuello,cabeza,doctora,medicina,farmacia,chula,linda,encanta,larga,belleza,corto,plancharlo,estira,comado,juagua,carro,dirrecion,vamos,aeropuerto,vacaciones,salud,negocio,mejorar,frio,norte,bufanda,aire,sudando,playa,abanico,fresca,libre,banana,banana,banana,sleep,night,sheets,reflection,introspection,vainity,durable,efficient,clean,cleanse,freshen,scrub,grill,flattop,oven,straight,flatten,dewrinkle,consumer,crowded,buy,exciting,bargain,deal,quality,durable,warranty ,fizzy,sweet,uplifting,sustenance,flavor,industry,favorite,green,leafy,entertaining,distraction,win,team,hardwork,mentor,fair,stripes,unfair,help,need,support,unwell,ill,infected,nutritious,organic,conscientious ,comfortable,nice,stylish,shade,cool,vibe,long,pencil,professional,clouds,flight,travel,pleasant,relaxing,breezy,leasing,tenant,landlord,downpour,umbrela,purple,bright,hot,sweat,freezing,icy,scarf,English Spanish and actively study French Japanese,English Spanish and a little French,,,Yes,"Grade school, high school, and college",19 years,Yes,Yes,"Gainesville, Florida, 4 years"
first,sp93,Female,29,Yes,Circulo,Photographia,Piso,Cama,Cobija,Almohada,Ropa,Jabon,Suavicante,Desecho,Podrido,Inutil,Limpiar,Tierra,Polvo,Manos,Pelo,Jabon,Cosas,Dinero,Negocio,Venta,Ganga,Precio,Lana,Cosas,Comida,Comida,Huevos,Asado,Borracho,Fiesta,Amargo,Pastel,Dulce,Fruta,Jugar,Beisbol,Futbol,Futbol,Deportes,Ganador,Futbol,Deportes,Juegos,Doctor,Cita,Examen,Herida,Moreton,Cabeza,Doctor,Hospital,Enfermedad,Ropa,Afuera,Informal,Ropa,Sabatos,Bonita,Traje,Azul,Hombre,Carro,Coche,Calle,Viaje,Vacacion,Avion,Renta,Casa,Muebles,Frio,Postre,Afuera,Fuego,Verano,Temperatura,Afuera,Frio,Tierra,Banana,Banana,Banana,Sheets,Pillow,Blanket,Reflection,Face,Shiny,Clean,Dust,Dirt,Dirty,Floor,Soap,Food,Delicious,Dessert,Wrinkles,Hot,Steam,Sale,Items,Buy,Sale,Cheap,Stuff,Clothes,Money,Stuff,Drink,Fizzy,Sweet,Food,Read,Blood,Vegetable,Carrot,Green,Play,Winner,Loser,Sports,Game,Player,Game,Fair,Judge,Injury,Doctor,Walking,Doctor,Hospital,Cold,Food,Exercise,Vegetable,Clothes,Top,Chest,Head,Hair,Big,Dress,Clothes,Formal,Trip,Vacation,Fly,Sand,Sun,Swim,House,Apartment,Video,Wet,Water,Cold,Hot,Rays,Burn,Wind,Weather,Ice,"English, Spanish",Spanish,Spanish,Spanish,No,,,Yes,Yes,England a week
first,sp94,Female,20,Yes,foto,graduaccion,fotografia,colchas,cama,lavar,ropa,sabados,secador,tacho,sucio,barrer,limpiar,mapiar,bailar,banar,platos,limpio,dinero,fruta,elote,tienda local,venta,ropa,trabajo,saliendo,banco,comida,animal,perro,bebidas,fiesta,comida,dulces,comida,merienda,futbol,juegos,palo,deportes,competicion,ganar,deportes,pelota,activo,examen,doctores,salud,medecine,salud,menthol,doctores,medicina,salud,chompa,ropa,pantalones,tacos,falda,fiesta,ropa,zapatos,camisa,carro,bicicleta,licencia,viajar,peso,encomiendas,accomodaccion,accessibilidad,supporto ,frio,lluvia,deciembre,verano,primavera,comida,invierno,frio,tormenta,banana,banana,banana,sheets,duvet,pillow,movie,makeup,hair,chores,dishwasher,broom,music,sweep,mopping,smells good,healthy,tasty,to fold,to wash,to sew,grocery,retail,thrift,store,sales,shopping,shopping,purse,trips,burger,fries,sweet,dinner,food,animal,dressing,croutons,lunch,Xbox,sports,fun,sports,yoga,loud,soccer,yellow card,sports,helpful,pain,ankle,hot soup,fever,cough,exercise,healthy food,water,pants,shorts ,blouse,warmth,comfy,colorful,shorts,dress,summer,noise,airport,travel,sun,swimming,drinking,to buy,down payment,security deposit,snow,wind,rainbow,summer,beach,swimming,winter,snow,windy,"english, spanish",spanish,spanish/english,spanish/english,Yes,elementary school,3 years,No,No,
first,sp95,Female,26,Yes,arte,foto,pintura,cama,cobija,ropa,ropa,detergente,agua,sucio,basurero,apestar ,escoba,limpiar,polvo,ropa,platos,jabon,tienda,dinero,ropa,monedas,cambio,dolar,monedas,monedero,plata,comida,delicioso,arroz,alcohol,licor,beber,torta,galletas,dulce,deporte,futbol,jugar,trofeo,futbol,deportes,futbol,deporte,gol,doctor,rayos,huesos,cuerpo,medicina,doctor,doctor,hospital,medicina,ropa,polo,lavadora,ropa,mujer,nina,ropa,hombre,jeans,auto,licencia,carro,viaje,avion,aeropuerto,casa,hotel,cama,frio,invierno,tobogan,sol,verano,sudor,frio,hojas,otono,banana,banana,banana,sheets,sleep,room,reflection,glass,self,dust,clean,chore,chores,mop,sweep,food,chef,pots,wrinkly,iron,hot,money,goods,cashier,cheap,sale,clearance,money,rich,wasteful,sprite,grape,coke,bbq,blood,carnivore,vegetables,lettuce,diet,video,playstation,wii,sports,football,soccer,sports,soccer,whistle,leg,disability,fracture,medicine,pain,sad,diet,exercise,nutrition,clothes,top,blouse,accessory,head,sombrero,dress,woman,summer,airport,luggage,pilot,sand,ocean,shells,home,apartment,airbnb,wet,weather,storm,summer,hot,sunscreen,winter,snow,sled,spanish and english,spanish and english,spanish and english,spanish and english,Yes,"elementary school, middle school, high school",12 years,Yes,Yes,"England, 1 week, USA, I live here"
first,sp96,Male,34,Yes,foto,marco,esquína,limpias,secas,grande,secadora,ropa,sucia,lata,zafacón,apestoso,sucio,limpio,limpieza,secar,ropa,platos,abrelata,distancia,hot dogs,bueno,bonito,calidad,plata,ahora,mañana,frito,sancochado,loco,fria,medalla,hielo,dulce,sabroso,gustito,futbol,balompie,jugador,trofeo,ganador,perdedor,baloncesto,pelota,juego,rayos x,hospital,negro,medicina,doctor,no,doctor,enfermera,hospital,blanca,rotos,sucia,lindo,sexy,rojo,camisa,correa,zapatos,conducir,automobil,carro,viaje,cerrada,sucia,descanso,relajante,casa,blanca,fria,nevada,frio,playa,arena,callado,rápido,fuerte,banana,banana,banana,rest,comfy,relax,shiny,reflective,silver,loud,noisy,clean,dirty,detergent,dishes,yummy,delicious,family,shirt,pants,handkerchief,shopping,items,necessities,cost,deal,bargain,watches,cars,tesla,pop,coke,pepsi,delicious,red,tender,fork,dressing,oil,playstation,fun,excitement,player,team,winning,fair,football,sports,injury,legs,assistance,achy,miserable,stuffy,heart,doctor,medicine,colors,bright,comfy,fedora,ballcap,shade,fluffy,poodle,skiphop,flying,vacation,travel,sand,towel,sun,housing,waste,security,wet,puddles,splashing,bright,yellow,hot,shivering,snow,avalanche,English and Spanish,Spanish,Spanish and English,Spanish and English,Yes,Elementary and middle school,7 years,Yes,No,
first,sp97,Female,20,Yes,Foto,Metal,Rectangular ,Cama,Cobija,Almohada ,Secadora ,Detergente ,Limpio,Expiración ,Hediondo ,Bolsa,Trapear,Limpiar ,Cloro ,Limpiar ,Secar,Ropa,Empresa ,Socios,Productos,Plástico ,Dollar ,Agua ,Verde ,Riqueza,Billetes ,Frito,Gallina,Rojo ,Alcohol ,Corona,Borracho,Flan,Cereza,Leche,Fútbol ,Volleyball ,Tennis,Fútbol ,Barça,Trofeo,Videojuegos ,Futbol,Deporte,Huesos,Ultrasonido ,Enfermo ,Angustia,Preocupación,Medicina ,Medicina ,Paciente,Guabtes,Blusa,Informal ,Calor,Blanco,Largo,Elegante,Camisa ,Azul,Boton,Carro,Timón ,Pide vías ,Viajar ,Avión ,Ropa,Noche,Gobierno ,Hotel ,Blanco,Frío ,Suéter ,Sol ,Sudar,Hielo ,Frío ,Rapido,Cielo,Banana ,Banana ,Banana ,Pillow,Sleep ,Mattress ,Vision,Gray,Reflect,Mop,Broom,Duster ,Mop,Sweep,Laundry ,Pasta,Meat,Time ,Smooth ,Pressed,Formal,Retail,Hangers,Size ,Sale,Cheap ,Bargain ,Material,Product,Luxury ,Sugar,Unhealthy ,Energy ,Protein ,Energy ,Animals,Healthy ,Green,Energy,Videogame,Fun,Time ,Football ,Train,Soccer,Mediate ,Time,Red card,Cast,Support ,Mold,Medicine ,Virus,Cold,Green,Longevity ,Fruits,Blouse,Tank top,Dress,Cap,Protect,Sun,Dress,Pants,Formal,Travel,Airport,Fast,Blue,Water,Sand,Temporary,Monthly,Lease,Wet,Water,Plants,Space ,Stars,Planet ,Snow ,Wind,Water,"Spanish,English ",Spanish ,Spanish English ,Spanish English ,Yes,High e,2,Yes,No,
first,sp98,Female,27,Yes,Obra,Pintura,Pared,Cama,Almohada,Limpiar,Secadora,Ropa,Detergente,Plástico ,Papel,Pipote,Limpiar,Mamá ,Churre,Ropa,Jabón ,Fregar ,Cajero,Dinero,Compras,Dinero,Bolsa,Caro,Monedas,Sueldo,Verde,Gallina,Huevo,Arroz,Vino,Bebida,Trago,Chocolate,Crema,Helado,Futbol ,Pied,Juego,Béisbol ,Trofeo ,FIFA ,Futbol,Trofeo,Juego,Abuela,Autobús ,Médico ,Brazo,Medicina,Abuela,Medicina,Abuela,Doctor ,Pantalones,Chaqueta,Abrigo,Falda,Diseñador,Tacones,Ropa,Calzoncillos ,Falda,Carro,Licencia,Timón ,Viaje,Bolsa,Avión ,Sábanas ,Cama,Casa ,Lluvia,Frío ,Abrigo,Viento,Clima,Tropical,Clima,Lluvia,Huracán ,Banana,Banana,Banana,Pillow,Sheets,Comfortable,Reflection,See,Makeup,Dirt,Appliance,Bag,Wipe,Dirt,Floor,Food,Mouse,Vegetable,Shirt,Board,Crisp,Groceries,Register,Cart,Money,Sale,Store,Luxury ,Money,Car,Sweet,Cola,Cold,Food,Tender,Butcher,Green,Tomato,Dressing,Play,Soccer,Fun,Football,Whistle,Yelling,Soccer,Shirt,Game ,Cast,Leg,Pain,Bed,Medicine,Syrup,Food,Exercise ,Vegetable,Pants,Shoes,Jacket,Dad,Feather,Head,Heels,Dress,Girl,Luggage ,Seat,Fly,Sun,Water,Hot,Apartment,House,Money,Wet,Weather,Gray,Shine,Weather,Beach,Snow,Christmas,Jacket,"Spanish, English",Spanish,Spanish and English,Spanish and English,Yes,Middle school and high school,7 years,Yes,No,
first,sp99,Male,25,Yes,fotos,madera,pintura,cama,siesta,fiesta,limpio,agua,ropa,sucio,cochino,apestoso,limpiar,mantener,polvo,limpiar,trastes,agua,comida,trabajo,salario,facil,delujo,suerte,rico,travajo,banco,comida,rancho,granja,fiesta,borracho,salut,pastel,conchas,fiesta,jugete,jugador,deportes,futbol,fifa,torneos,deportivo,rapido,fuerte,doctor,hospital,dentista,peleas,sangre,complicaciones,doctor,medicina,hospital,lijero,estilo,ropa,traje,mujer,fiesta,cholo,trabajador,tienda,carro,conductor,vacaciones,viajar,vacaciones,descanzar,hotel,motel,camas,frio,dulce,suave,clima,verano,playa,aire,montanias,valle,banana,banana,banana,sleeping,comfy,relax,reflection,beauty,fragile,cleaning,removing,machine,responsible,arrangend,organize,chef,food,party,flat,heat,clean,items,picking,shopping,cheap,sale,opportunity,luxury,costy,item,drink,sugar,flavor,food,animal,tasty,healthy,light,food,sports,esports,fun,Instructor,leader,guider,judge,outlook,ruler,visits,jumping,limited,ill,bad,doctor,style,life,choices,clothes,style,light,style,classic,fation,girl,cute,fashion,flying,travel,vacation,summer,heat,water,temporary,use,item,wet,water,cold,light,heat,life,ice,drink,winter,Spanihs and English,Spanish,Spanihs and English,Spanihs and English,Yes,Elementary school,16,No,Yes,Canada
first,sp100,Female,26,Yes,circulo,geometria,foto,limpias,sucias,lavado,limpiar,lavar,secar,limpiar,suciedad,trabajo,limpiar,basura,sucio,secar,ropa,piso,abuelito,anciano,tamales,dinero,dolar,ahorro,caro,barato,dolar,asado,frito,horneado,fria,modelo,refrigerador,rico,exquisito,delicioso,juego,ninos,ninas,juego,futbol,atleta,deporte,atleta,musculos,examen,doctor,hospital,duele,herida,triste,doctor,enfermera,hospital,ropa,camisa,polera,lindo,rojo,caro,azules,rojos,ropa,conducir,auto,semaforo,grande,pesada,viaje,hogar,casa,seguridad,blanca,limpia,helada,caliente,sol,verano,frio,helado,lluvioso,banana,banana,banana,mattress,sheet,clean,clean,windex,chores,expensive,clean,heavy-duty,chore,bathroom,shower,recipe,youtube,cook,collar,shirt,board,groceries,bill,savings,cheap,frugal,savings,money,luxury,travel,coke,sugar-free,diet,barbecue,grill,oven,dressing,healthy,cucumber,play,board,family,sport,soccer,team,soccer,teams,teammates,foot,leg,broke,vomit,stomach,ill,doctor,weight,diabetes,t-shirt,long sleeves,pants,beanie,warm,cold,dress,summer,spring,fly,travel,airport,travel,vacation,drinks,pay,money,save,windy,cold,gray,summer,beach,vacation,water,winter,breeze,"english, spanish, french",spanish,"spanish, english","spanish, english",No,,,Yes,Yes,"US (living here), UK (1 mo)"
