Participant,Gender,Age,EngL1,[Field-2]-1_1_3-relatedword1,[Field-2]-1_1_3-relatedword2,[Field-2]-1_1_3-relatedword3,[Field-2]-1_1_5-relatedword1,[Field-2]-1_1_5-relatedword2,[Field-2]-1_1_5-relatedword3,[Field-2]-1_1_6-relatedword1,[Field-2]-1_1_6-relatedword2,[Field-2]-1_1_6-relatedword3,[Field-2]-1_2_4-relatedword1,[Field-2]-1_2_4-relatedword2,[Field-2]-1_2_4-relatedword3,[Field-2]-1_2_5-relatedword1,[Field-2]-1_2_5-relatedword2,[Field-2]-1_2_5-relatedword3,[Field-2]-1_2_6-relatedword1,[Field-2]-1_2_6-relatedword2,[Field-2]-1_2_6-relatedword3,[Field-2]-1_3_2-relatedword1,[Field-2]-1_3_2-relatedword2,[Field-2]-1_3_2-relatedword3,[Field-2]-1_3_5-relatedword1,[Field-2]-1_3_5-relatedword2,[Field-2]-1_3_5-relatedword3,[Field-2]-1_3_6-relatedword1,[Field-2]-1_3_6-relatedword2,[Field-2]-1_3_6-relatedword3,[Field-2]-2_1_4-relatedword1,[Field-2]-2_1_4-relatedword2,[Field-2]-2_1_4-relatedword3,[Field-2]-2_1_5-relatedword1,[Field-2]-2_1_5-relatedword2,[Field-2]-2_1_5-relatedword3,[Field-2]-2_1_6-relatedword1,[Field-2]-2_1_6-relatedword2,[Field-2]-2_1_6-relatedword3,[Field-2]-2_2_1-relatedword1,[Field-2]-2_2_1-relatedword2,[Field-2]-2_2_1-relatedword3,[Field-2]-2_2_4-relatedword1,[Field-2]-2_2_4-relatedword2,[Field-2]-2_2_4-relatedword3,[Field-2]-2_2_5-relatedword1,[Field-2]-2_2_5-relatedword2,[Field-2]-2_2_5-relatedword3,[Field-2]-2_3_3-relatedword1,[Field-2]-2_3_3-relatedword2,[Field-2]-2_3_3-relatedword3,[Field-2]-2_3_5-relatedword1,[Field-2]-2_3_5-relatedword2,[Field-2]-2_3_5-relatedword3,[Field-2]-2_3_6-relatedword1,[Field-2]-2_3_6-relatedword2,[Field-2]-2_3_6-relatedword3,[Field-2]-3_1_4-relatedword1,[Field-2]-3_1_4-relatedword2,[Field-2]-3_1_4-relatedword3,[Field-2]-3_1_5-relatedword1,[Field-2]-3_1_5-relatedword2,[Field-2]-3_1_5-relatedword3,[Field-2]-3_1_2-relatedword1,[Field-2]-3_1_2-relatedword2,[Field-2]-3_1_2-relatedword3,[Field-2]-3_2_4-relatedword1,[Field-2]-3_2_4-relatedword2,[Field-2]-3_2_4-relatedword3,[Field-2]-3_2_1-relatedword1,[Field-2]-3_2_1-relatedword2,[Field-2]-3_2_1-relatedword3,[Field-2]-3_2_6-relatedword1,[Field-2]-3_2_6-relatedword2,[Field-2]-3_2_6-relatedword3,[Field-2]-3_3_3-relatedword1,[Field-2]-3_3_3-relatedword2,[Field-2]-3_3_3-relatedword3,[Field-2]-3_3_5-relatedword1,[Field-2]-3_3_5-relatedword2,[Field-2]-3_3_5-relatedword3,[Field-2]-3_3_6-relatedword1,[Field-2]-3_3_6-relatedword2,[Field-2]-3_3_6-relatedword3,Forthisquestiontypethewordbananainthethreeboxes.-relatedword1,Forthisquestiontypethewordbananainthethreeboxes.-relatedword2,Forthisquestiontypethewordbananainthethreeboxes.-relatedword3,[Field-2]-1_1_1-relatedword1,[Field-2]-1_1_1-relatedword2,[Field-2]-1_1_1-relatedword3,[Field-2]-1_1_2-relatedword1,[Field-2]-1_1_2-relatedword2,[Field-2]-1_1_2-relatedword3,[Field-2]-1_1_4-relatedword1,[Field-2]-1_1_4-relatedword2,[Field-2]-1_1_4-relatedword3,[Field-2]-1_2_1-relatedword1,[Field-2]-1_2_1-relatedword2,[Field-2]-1_2_1-relatedword3,[Field-2]-1_2_2-relatedword1,[Field-2]-1_2_2-relatedword2,[Field-2]-1_2_2-relatedword3,[Field-2]-1_2_3-relatedword1,[Field-2]-1_2_3-relatedword2,[Field-2]-1_2_3-relatedword3,[Field-2]-1_3_1-relatedword1,[Field-2]-1_3_1-relatedword2,[Field-2]-1_3_1-relatedword3,[Field-2]-1_3_3-relatedword1,[Field-2]-1_3_3-relatedword2,[Field-2]-1_3_3-relatedword3,[Field-2]-1_3_4-relatedword1,[Field-2]-1_3_4-relatedword2,[Field-2]-1_3_4-relatedword3,[Field-2]-2_1_1-relatedword1,[Field-2]-2_1_1-relatedword2,[Field-2]-2_1_1-relatedword3,[Field-2]-2_1_2-relatedword1,[Field-2]-2_1_2-relatedword2,[Field-2]-2_1_2-relatedword3,[Field-2]-2_1_3-relatedword1,[Field-2]-2_1_3-relatedword2,[Field-2]-2_1_3-relatedword3,[Field-2]-2_2_2-relatedword1,[Field-2]-2_2_2-relatedword2,[Field-2]-2_2_2-relatedword3,[Field-2]-2_2_3-relatedword1,[Field-2]-2_2_3-relatedword2,[Field-2]-2_2_3-relatedword3,[Field-2]-2_2_6-relatedword1,[Field-2]-2_2_6-relatedword2,[Field-2]-2_2_6-relatedword3,[Field-2]-2_3_1-relatedword1,[Field-2]-2_3_1-relatedword2,[Field-2]-2_3_1-relatedword3,[Field-2]-2_3_2-relatedword1,[Field-2]-2_3_2-relatedword2,[Field-2]-2_3_2-relatedword3,[Field-2]-2_3_4-relatedword1,[Field-2]-2_3_4-relatedword2,[Field-2]-2_3_4-relatedword3,[Field-2]-3_1_1-relatedword1,[Field-2]-3_1_1-relatedword2,[Field-2]-3_1_1-relatedword3,[Field-2]-3_1_6-relatedword1,[Field-2]-3_1_6-relatedword2,[Field-2]-3_1_6-relatedword3,[Field-2]-3_1_3-relatedword1,[Field-2]-3_1_3-relatedword2,[Field-2]-3_1_3-relatedword3,[Field-2]-3_2_5-relatedword1,[Field-2]-3_2_5-relatedword2,[Field-2]-3_2_5-relatedword3,[Field-2]-3_2_2-relatedword1,[Field-2]-3_2_2-relatedword2,[Field-2]-3_2_2-relatedword3,[Field-2]-3_2_3-relatedword1,[Field-2]-3_2_3-relatedword2,[Field-2]-3_2_3-relatedword3,[Field-2]-3_3_1-relatedword1,[Field-2]-3_3_1-relatedword2,[Field-2]-3_3_1-relatedword3,[Field-2]-3_3_2-relatedword1,[Field-2]-3_3_2-relatedword2,[Field-2]-3_3_2-relatedword3,[Field-2]-3_3_4-relatedword1,[Field-2]-3_3_4-relatedword2,[Field-2]-3_3_4-relatedword3,LangSpoken,Lang_0-5,Lang_6-12,Lang_13-18,selfrate_speak,selfrate_understand,Span_classes,Span_classes_time,Span_classes_amount,current_enrolled,current_class,Caregivers_speak_Span,Span_travel,Span_country,mTurkCode
EN01,Male,20,Yes,brush,color,canvas,bed,clean,dirty,machine,drier,clothes,garbage,bag,truck,broom,swept,dust,clean,plates,dishes,money,cash,register,broken,fast,rattle,dollar,currency,pay,cook,violent,pen,alcohol,drink,bottle,ice cream,vanilla,scoop,basket,bounce,dribble,patriots,football,champions,basketball,athletic,star,scan,bones,machine,arthritis,joint,blood,doctor,patient,hospital,wrinkle,short,small,skirt,blouse,blue,pair,jeans,rip,car,fast,wheel,hand,school,pencil,house,skiing,cabin,white,cold,man,hot,desert,sweat,house,mill,fast,banana,banana,banana,hojas,limpiar,cuadro,cara,limpio,claro,limpiar,cuadro,piso,platos,ropa,basura,comida,caliente,mucho,ropa,rojo,limpio,ropa,joyeria,mercado,matematicas,ropa,dinero,carro,dinero,comida,bebida,frio,taza,pescado,comer,almorzar,salud,verde,salsa,jugar,futbol,pelota,ejercicio,gimnasio,pesas,partido,pelota,campo,hueso,caminar,correr,doctora,hospital,cama,salud,comida,fruta,estrecho,azul,rojo,ropa,sol,cabeza,azul,alta,ropa,volar,tiempo,espera,sol,jugar,futbol,casa,cuadro,dinero,ruido,tranquila,mojado,caliente,playa,calor,caliente,chaqueta,tiempo,"English, Spanish",English,English,English,I can talk about familiar topics using full (simple) sentences and ask basic questions.,I can understand basic information of everyday topics when listening/reading.,Yes,"From 8th Grade to 12th Grade, and one class in college",5 years,Yes,Spanish 3,No,No,,1105636
EN03,Female,19,Yes,creative,paint,paintbrush,bed,soft,secure,dryer,clean,refreshing,garbage,litter,pollution,clean,thorough,easy,clean,dry,soap,teenager,friendly,boring,poor,breakable,weak,salary,income,wealth,rooster,nugget,fried,cold,strong,relaxing,sweet,delicious,chocolate,toy,bouncy,rubber,friends,trust,loving,game,team,competitive,injury,expensive,modern,hurt,uncomfortable,heal,doctor,medicine,prescription,cotton,cheap,thread,fancy,elegant,clothes,jeans,fashion,sturdy,car,wreck,efficient,purse,carrying,necessary,cabin,woods,hotel,cold,white,scenic,hot,summer,sweat,blow,tornado,cold,banana,banana,banana,dormir,calor,acostar,pelo,cepilla,mirar,esperar,médico,familia,baño,cuarto,cama,comida,madre,casa,limpiar,madre,ropa,ropa,caro,rebaja,ropa,tienda,dinero,nuevo,dinero,bonita,beber,bebido,frío,langosta,pollo,sangre,comida,fuerte,bueno,juego,jugar,equipe,ganar,juego,partido,sol,playa,bueno,boleta,libro,necessario,tos,médico,dolor,amable,vida,comida,ropa,rebaja,tienda,ropa,divertido,playa,ropa,vestido,elegante,volar,pasajeros,aeropuerto,mar,sol,gafas del sol,casa,apartamento,familia,nube,frio,triste,playa,verano,calor,invierno,diciembre,navidad,English,English,English,English,I can talk about familiar topics using full (simple) sentences and ask basic questions.,"In can understand the main idea and also details of somewhat complex discourse when listening/reading, especially if I'm familiar with the topic.",Yes,High school and college,"levels 1,2 junior and senior year in high school levels 2,3 in college freshman year",Yes,Spanish 3,No,No,,2531938
EN07,Female,18,Yes,paintbrush,colors,canvas,bed,pillow,comforter,dryer,clothing,laundry,bag,gross,dumpster,broom,duster,dust,bath,shower,towel,groceries,cashier,register,money,non expensive,walmart,rich,poor,green,egg,meat,farm,drink,alcohol,sports,cake,brownie,cupcake,sports,bat,pitcher,winner,prize,super bowl,softball,baseball,football,bones,radiation,gray,hurt,swelling,redness,doctor,medical school,smart,clothing,summer,cotton,cotton,summer,elegant,clothing,jeans,pockets,car,steering wheel,license,sports,prada,coach,cabin,woods,lake,snowman,winter,snowball,fire,sun,oven,breeze,spring,cold,banana,banana,banana,almohada,sabana,hacer,habitacion,bano,maquillarse,limpiar,casa,cocina,escoba,casa,habitacion,cocina,horno,microonda,hierro,ropa,arruga,dinero,ropa,comida,barato,tienda,ropa,mejillas,ojos,boca,agua,bebido,cerveza,pollo,cerdo,bistec,lechuga,tomate,pepino,divertir,cerveza,bailar,deportes,ejercicio,gimnasio,campeonato,deportes,futbol americano,tobillo,radiografia,pie,hospital,doctor,fiebre,dieta,ejercicio,gimnasio,ropa,falda,suedo,gorra de beisbol,primavera,frio,camiseta,camisa,pantolones cortos,volar,vuelo,viajar,oceano,arena,mexico,casa,dinero,quedarse,repugnante,frio,primavera,verano,playa,nadar,nieve,viento,nubes,English,English,English,English,"I can talk about a wide range of topics (personal level, community level, international level) using full statements.","In can understand the main idea and also details of somewhat complex discourse when listening/reading, especially if I'm familiar with the topic.",Yes,High school and college,"3 years in high school, 2 semesters in college",Yes,Spanish 3,No,No,,8356093
EN11,Female,24,Yes,drawing,watercolor,paint,pillows,bed,laundry,dryer,clothes,laundry,garbage,kitchen,recycling,mop,clean,floor,clean,hands,shower,grocery,cashier,credit card,expensive,poor,broke,savings,bank,cash,duck,meat,fowl,drink,wine,alcohol,cake,ice cream,brownies,basketball,football,baseball,winner,basketball,tournament,volleyball,soccer,basketball,bones,doctor,lab,crying,blood,headache,doctor,nurse,hospital,pants,blouse,sweater,skirt,church,work,jeans,shorts,skirt,ride,car,truck,purse,backpack,suitcase,cabin,hotel,home,rain,cold,winter,cold,thermostat,furnace,rain,cold,tornado,banana,banana,banana,sofa,dormitorio,habitacion,maquillaje,pelo,vestirse,lavar,aspirar,sala,bano,casa,ropa,cenar,comida,mesa,ropa,pantalones,lavar,dinero,comida,ropa,precio,dinero,,barrato,expensivo,dinero,beber,cenar,agua,pollo,pez,vaca,lechuga,cenar,cocinar,futbol,ganar,jugar,deportes,futbol,jugadores,deportes,jugadores,partido,doctor,piel,pierna,doctor,hospital,tos,comida,doctor,frutas,pantalones,vestirse,pijamas,cabeza,mariachi,pelo,vestido,trabajo,pantalones,maleta,viajar,volar,mar,arena,cielo,rentar,prestamo,dinero,frio,nieve,triste,playa,cielo,calor,hacer,helado,nieve,"English, Spanish, Latin",English,English,English,I can talk about familiar topics using full (simple) sentences and ask basic questions.,"In can understand the main idea and also details of somewhat complex discourse when listening/reading, especially if I'm familiar with the topic.",Yes,"High school, graduate school",6 years (not consecutively),Yes,SPAN100,No,No,,7661329
EN13,Female,20,Yes,brush,easel,colors,bed,warm,blanket,detergent ,clean,soap,smell,food,bin,broom,dust pan,dirty,laundry,detergent,soap,work,cashier,job,coupon,money,sale,spend,save,bank,food,animal ,farm,drink,brand,alcohol ,delicious,dinner,food,game,play,sports,win,congratulations,happy,game,fun,sport,hospital,doctor,bone,hurt,blood,sad,work,doctor,help,fabric,size,style,size,length,clothes,underwear,size,clothes,car,steering,tires,wallet,shoulder,design,wood,ski,move,cold,dangerous,shovel,hot,cook,sun,air,energy ,nature,banana,banana,banana,sabana,dormir,manta,mirar,te,ver,limpiar,alfombra,sucio,sucio,jabon,casa,cena,casa,resturante,ropa,plano,calor,comprar,dinero,trabajar,dinero,gastar,tienda,tienda,dinero,mucho,azuchar,beber,comer,comida,cocinar,animales,saludable,vegetal,salud,jugar,divertido,deportes,jugar,deportes,ayudar,jugar,deportes,regla, herido,pierna,yeso,dormir,aspirina,sopa,ejercicio,ensalada,frutas,ropa,tamaño,color,fiesta,traje ,colorido,ropa,largo,bonito,aire,piloto,boleto,vamos,calor,arena ,casa,dinero,tiempo,afuera,sol,naturaleza,calor,afuera,playa,nieve,manta,hielo,"English, Some spanish",English,English,English,I can talk about familiar topics using full (simple) sentences and ask basic questions.,I can understand basic information of everyday topics when listening/reading.,Yes,"Middle school, high school, college ",12 years,Yes,Spanish 3,No,No,,5271341
EN09,Female,20,Yes,art,mural,portrait,bed,sleep,pillow,dryer,clothes,water,smelly,garbage,gross,clean,dust,broom,clean,soap,water,cashier,money,bags,clothes,unexpensive,stuff,buy,cash,credit card,meat,grilled,food,drink,bar,alcohol,yum,chocolate,sweet,round,game,play,winner,metal,game,game,sports,athletic,doctor,bone,cast,hurt,broken,medicine,doctor,health,body,comfortable,clothes,dresser,skirt,long,clothes,clothes,legs,jeans,car,travel,wheels,carry,things,box,house,hotel,sleep,cold,white,winter,warm,hot,sun,fast,breeze,air,banana,banana,banana,dormir,cansada,hacer,baño,cuarto,persona,limpiar,aire,fuerte,agua,aspiradora,casa,comida,refrigerador,estufa,ropa,calor,buena,comprar,cosas,dinero,comprar,dinero,vender,rico,tienda,carro,agua,beber,azucar,jamón,pollo,cocinar,tomate,verduras,lechuga,estadio,juego,beisbol,correr,deportes,equipo,juego,deportes,equipo,doctor,medicina,problema,tos,pastillas,garganta,ensalada,frutas,ejercicio,cómoda,camiseta,pantalones,cabeza,ropa,pelo,vestido,bonita,flor,puerta,ventana,pasaporte,sol,aves,mar,dinero,casa,pagar,agua,fría,abrigo,primavera,calor,helado,nieve,invierno,abrigo,English,English,English,English,I can talk about familiar topics using full (simple) sentences and ask basic questions.,I can understand basic information of everyday topics when listening/reading.,Yes,"high school, college","2 years, 2 semesters",Yes,SPAN 20,No,No,,7780010
EN05,Female,18,Yes,art,brush,paint,bed,white,comforter,dryer,clothes,dirty,garbage,recycling,cans,clean,dust,dirt,clean,sweep,scrub,cashier,money,shopping,no money,not expensive,small,Job,Work,paycheck,fingers,wings,nuggets,drink,alcohol,yeast,cake,cupcake,brownies,baseball,basketball,football,win,trophy,accomplished,team,sports,video,bones,injury,medical,hurt,injury,crying,doctor,check up,kids,comfortable,casual,plain,fancy,proper,warm,Jeans,Shorts,Skirt,car,vehicle,moving,backpack,purse,shopping,house,fire,cabin,cold,ice,white,fire,lighting,cold,strong,cold,storm,banana,banana,banana,hojas,almohada,manta,persona,reflexión,claro,,,,platos,suelo,casa,comida,cena,cocina,ropa,arruga,liso,ropa,comida,bolso,pequeno,,,coche,casa,ropa,cervesa,agua,café,pollo,bistec,animales,sano,lechuga,verde,calcetines,novio,zapatos,personal,fisica,deportes,deportes,futbol,futbol americana,herir,lesión,piernas,doctor,hospital,enferma,ensalada,frutas,verduras,ropa,camiseta,pantalones,sol,beisbol,inverano ,vestido,corto,largo,viaje,transportacion,vacacion,oceano,arena,nadar,casa,coche,ropa,firo,agua,mojado,brillante,cálido,verano,nieve,invierno,pala,English,English,English,English,I can talk about familiar topics using full (simple) sentences and ask basic questions.,I can understand basic information of everyday topics when listening/reading.,Yes,"High School, College",5 years,Yes,Spanish 3,No,No,,7580825
EN15,Male,20,Yes,art,paint,color,bed,pillow,comforter,car,soap,sponge,black bag,smells,can,clean,floor,dirt,clean,carwash,soap,Zumiez,cash register,money,discount,tag,penny,cash,green,yellow,meat,feather,small,drink,tastes,alcohol,food,sugar,chocolate,sports,baseball,basketball,trophy,sports,athletes,sports,athlete,competition,doctor,hospital,paper,blood,scar,scab,doctor,child,ears,white,man,clothing,glitter,mom,sister,shorts,denim,button,summer,windows,air,plastic,sustainable,paper,hotel,restaraunt,deer,white,cold,ice,warm,fire,thermostat,clouds,rain,kite,banana,banana,banana,almohada,casa,sábanas,una persona,reflexíon,escalara,la carpeta,la ropa,sucio,lavar,duchar,jabón,comida,carne,sal,lavar,basura,ropa,descuentas,ropa,dinero,descuento,dinero,dieta,dinero,descuento,gastar,bebida,alcohol,frio,jamon,bistec,camarones,lechuga,zanahorias,cebolla,jugador,estadio,bol,fútbol,bol,golf,jugador,fútbol,espectadores,sangre,hospital,doctora,sangre,hospital,cara,salud,manzana,verdudas,camiseta,calcitenes,ropa,gorro,mexicano,calor,vestido,collar,camiseta,viajar,pasaporte,boleto,arena,mar,sol,casa,dinero,jefe,nubes,frio,agua,calor,playa,bebidas,navidad,nieve,nubes,English,English,English,English,I can talk about familiar topics using full (simple) sentences and ask basic questions.,"In can understand the main idea and also details of somewhat complex discourse when listening/reading, especially if I'm familiar with the topic.",Yes,"High School, College",7,Yes,SPAN 200,No,No,,9193862
EN17,Female,18,Yes,art work,class,acrylic ,bed,words,dryer,dryer,clothes,dirty,can,dirty,food,clean,organize,dirty,clothes,washer,clean,cashier,money,shopping,money,spending,saving,cash,spending,shopping,cutlet,wings,eating,can,drinking,Alcohol ,cheesecake,chocolate,Restaurant ,baseball,sports,basketball,winner,loser,teams,team,cheating,relationship,doctors,bone,broken,injury,fall,heartbreak,doctor,help,sick,comfy,shorts,pjs,dinner,dance,pretty,jeans,comfy,dressing,car,license ,road trip,shopping,clothes,mom,winter,vacation,sleep,winter,skiing,sledding,lamp,sun,beach,storm,strong,loud,banana,banana,banana,jean,vestido,camiseta,bonita,ropa,niña,limpio,habitacion,casa,bien,casa,aspiradora,comida,familia,casa,ropa,limpiar,vestir,dinero,ropa,amigas,ropa,dinero,tienda,dinero,borato,mucho,beber,comida,restaurante,restaurante,comida,beber,comida,cena,familia,futbol,jugador,pelea,jugador,fuerte,cabeza,juego,deportes,futbol,doctor,herido,no deportes,doctor,accidente,hospital,gimnasio,bien comida,mucho dormir,ropa,chica,verano,fiesta,ropa,sol,vestido,cita,cena,alto,vacaciones,asustado,sol,nadar,amigas,casa,coche,dinero,mal,triste,clima,playa,verano,bien,caliente,esqui,montanas,English ,English,English,English,I can talk about familiar topics using single words or short phrases.,I can understand basic information of everyday topics when listening/reading.,Yes,Freshman and sophomore year during high school. 1st and 2nd semester of college. ,3 years ,Yes,Spanish 3,No,No,,2452716
EN21,Female,20,Yes,Walls,Brush,Colors,Bed,Fold,Wash,Dryer ,Machine ,Dish,Garbage,Bin,Can,Floors,Dirty ,Mop,Dishes,Laundry ,Car,Cashier ,Shopping ,Job,Mr crabs,Saver ,Money,Job,Rich,Work,Food ,Dinner,Grilled,Wine ,Soda ,Drinks ,Brownie ,Ice cream ,Chocolate ,Soccer,Sports,Goal,Ring,Game,Sports,Sports ,Football,Basketball,Doctor,Injury ,Bone,Hurt,Headache,Injury ,Doctor ,Hospital,Children ,Jeans ,Shorts ,Summer ,Clothes ,Shopping ,Jeans ,Jeans,Leggings,Shorts,Cars ,License,16,Reusable ,Grocery ,Shopping ,Camping ,Fire ,Woods,Shovel ,Winter,Sledding,Summer,Hot,Humid ,Water,Storm ,Tornado ,Banana,Banana,Banana,Hacer,Manta ,Almohada ,La cara ,Habitacion ,Bonita ,Limpiar ,Suelo ,Sucia ,Aspidadora,La casa ,La ropa ,Comida ,Cena ,Delicioso ,La ropa,Limpiar ,Secar ,Compras ,Dinero,Ropa ,La tiena ,Dinero ,La clinica ,Dinero,Coche,Casa,Beber ,Gaseosa ,Agua,Pollo,Arroz,Comida ,Comida ,Pollo,Lechuga ,Jugar ,Los jugadores ,Equipo ,Gimnasio,Correr ,Comida,Futbol ,Camiseta,Deportes ,Roto ,Dolor,Pie,Doctor ,Hospital ,Dolor,Ensalada,Correr ,Ejercicio ,La falda ,Pantalones ,Zapatos ,Verano,La playa,La ropa,Camiseta ,Vestir ,Ropa ,Vacaciones ,Verano,Equipaje,Sol ,Verano,Agua ,Coche,Casa ,Dinero,Primavera ,Agua,Verde,Verano,Nadar ,La playa,Invierno ,Nieve ,Agua ,English,English,English,English,I can talk about familiar topics using full (simple) sentences and ask basic questions.,"In can understand the main idea and also details of somewhat complex discourse when listening/reading, especially if I'm familiar with the topic.",Yes,"Middle school, high school, and college ",6 years ,Yes,Spanish 3,Yes,No,,1075335
EN25,Female,20,Yes,brush,canvas,paint,bed,cozy,blanket,laundry,detergent,clothes,garbage,nasty,recycle,broom,mop,cinderella,sanitize,soap,water,cashier,helper,employee,low price,inexpensive,bargain,green,rich,wealth,fried,yummy,grilled,alcohol,drunk,bar,ice cream,sugar,cake,soccer,dog toy,basketball,winner,celebration,happiness,baseball,sports,game,lead sheet,technician,dark room,hurt,ache,tense,doctor,specialist,white coat,cotton,summer,casual,fancy,business casual,spring,jeans,sweatpants,leggings,car,steering wheel,seatbelt,purse,backpack,carry-on,woods,camping,cabin,winter,white,cold,warm,summer,hot,air,fresh,breath,banana,banana,banana,dormir,cómoda,duermo,refleción,,,limpiar,casa,basura,planchar,aspiradora,casa,comida,ingredientes,cocina,ropa,limpiar,doblar,comprar,ropa,dinero,,,,dinero,mucho,valor,soda,agua,bebida,el bistec,la cerda,el pollo,lechuga,zanahorias,la pimienta,deportes,juego,jugadores,deportes,ejercicio,pesas,,,,dolor,doctor/a,hospital,cama,enferma,tos,ejercicio,frutas,verduras,camiseta,pantalones,vestir,camisa,pantalones,gafas de sol,vestido,zapato,camisa,vuelo,cielo,viajar,sol,agua,verano,casa,dinero,apartamento,primavera,gris,nube,verano,gafas de sol,caliente,invierno,nieve,hielo,Native English speaker | Learning Spanish (enrolled in SPAN 3),English,English,English,"I can talk about a wide range of topics (personal level, community level, international level) using full statements.","In can understand the main idea and also details of somewhat complex discourse when listening/reading, especially if I'm familiar with the topic.",Yes,"Up through Spanish 5 in high school, SPAN 3 in college","5 years before college, 2 semesters in college",Yes,SPAN 3,No,No,,2643938
EN27,Male,19,Yes,mural,paintbrush,artist,bed,covers,layer,machine,clothes,dryer,bin,can,outside,mop,broom,clean,clothes,dishes,car,employee,attendant,associate,walmart,inexpensive,mcdonalds,power,wealth,green,wings,restaurant,animal,budweiser,liquor,alcohol,cake,cookies,ice cream,football,basketball,baseball,sports,basketball,trophy,hockey,basketball,football,machine,injury,hospital,hurting,injury,health,health,wellness,care,cotton,clothes,red,flowing,wedding,prom,clothes,jeans,sweats,car,road,highway,plastic,paper,lunch,cabin,hotel,trip,winter,falling,cold,miami,temperature,sun,turbine,sailing,kite,banana,banana,banana,habitacion,dormir,noche,casa,habitacion,,,,,platos,ropa,cuarto,comida,cine,cocina,ropa,pantalones,camisa,comprar,comida,ropa,descuento,precio,dolares,expensivo,dolares,precio,beber,agua,cafe,asada,comer,taco,comida,comer,saludable,jugar,deporte,juego,deportes,fuerte,correr,,,,,,,enfermaria,medicina,doctor,medicina,enfermeria,,pantalones,camiseta,ropa,gorra,ropa,accesorio,ropa,poner,vestido,viajar,viaje,volar,ir,calor,sol,ropa,casa,hoterl,agua,frio,tormenta,playa,calor,bonita,hace,temperatura,,English 1st with a bit of school-based Spanish experience,English,English,English,I can talk about familiar topics using full (simple) sentences and ask basic questions.,"In can understand the main idea and also details of somewhat complex discourse when listening/reading, especially if I'm familiar with the topic.",Yes,7th grade to present (Spring semester Freshman @ PSU),6 Years,Yes,Spanish 3 Section 2,No,No,,593205
EN23,Male,18,Yes,art,expression,colorful,bed,paper,page,laundry,water,clean,garbage,waste,recycle,clean,dust,broom,clean,soap,water,worker,cashier,employee,inexpensive,small,low quality,green,wallet,bank,bird,food,eggs,alcohol,cheap,bar,sweet,candy,cake,sports,round,basketball,ring,trophy,tournament,basketball,soccer,game,bones,hospital,health,hurt,wound,sick,doctor,medicine,healer,clothes,white,summer,gown,event,night,clothes,shorts,jeans,car,wheel,travel,backpack,purse,briefcase,home,hotel,wood,winter,cold ,fluffy,weather,humid,miami,storm,rain,winter,banana,banana,banana,dormir,sabana,casa,me,vidrio,reflejo,limpiar,polvo,casa,lavar,aspiradora,sucio,cocina,horno,comida,camisa,pantalones,agua,ropa,zapatos,centro comercial,barato,tienda,fiesta,coche,casa,dinero,azucar,poder,frio,comer,hamburguesa,animal,lechuga,huevos,pollo,gente,divertido,beber,deporte,futbol,basquetbol,futbol,basquetbol,tenis,hueso,hospital,herida,doctor,hospital,medicina,gimnasio,buena comida,correr,blanco,noche,cena,sombra,caliente,sol,verano,calido,caliente,volar,viajar,rapido,arena,oceano,verano,apartamento,cuentas,ropa,frio,chaqueta,paraguas,verano,caliente,pantalones cortos,invierno,chaqueta,guante,"English, Russian, Spanish",2,2,1,I can talk about familiar topics using full (simple) sentences and ask basic questions.,I can understand basic information of everyday topics when listening/reading.,Yes,"high shool, college",4 years,Yes,Spanish 3,Yes,No,,6111638
EN29,Male,20,Yes,Artist,Disney,School ,Bed,Soft,Comfortable ,Clean,Water,Smell,Landfill ,Pollution ,Bad,Dirt,Hardwood ,Bristles ,Soak,Clean,Beautiful ,Cash,Shopping ,Apron,Low,Dollar,Meal,Buy,Income,Green,Food,Fun,Germs ,Party,Fun,Bar,Tasty,Disney,Create ,Round,Team,Color ,WWE,Memories ,Dad,Sports,Score,Game,Broken,Pain,Sports,Hurt,Low,Angry ,Health,Medicine ,Hospital ,Summer,Cool,Soft,Wedding ,Prom,Cute,Black,Golf,Adventure ,Orlando,Vacation ,Toyota ,Store,Food,Carry,House,Hunt,Winter,Cold,Construction ,Dangerous ,Humid,Summer,Memories ,Spring,Laundry,Nature,Banana,Banana,Banana,Siesta,Bienestar,Blando,Conjunto,Amable ,Tamaño,Succión,Limpio,Dyson,Aroma,Arreglado,Colada,Carne,Parrilla,Platos,Ropa,Sangre,Vapor,Carne,Compras,Walmart,Tienda,Venta,Ahorrar,Carros,Casa,Universidad,Gasolinera,Verano,Restaurante,Filete,Parrilla,Variedad,Lechuga,Verde,Sano,Memories ,Globos,Regalos,Pesos,Salud,Ejercicio,Deportes,Campo,Césped,Pierna,Hueso,Radiografía,Medicamento,Hospital ,Mujeres,Médico,Comida,Bien,Blanco,Primavera ,Gráficos,México,Mariachi ,Amigos,Mujeres,Escuela,Golf,Cielo,Alas,Blanco,Agua,Paraguas,Hotel,Escuela,Apartamento,Metrópolis,Paraguas,Contento,Agua,Calor,Verano,Espacio,Hielo,Invierno,Pennsylvania ,English and some Spanish ,English ,English ,English ,I can talk about familiar topics using full (simple) sentences and ask basic questions.,I can understand basic information of everyday topics when listening/reading.,Yes,High school and college,4 total semesters,Yes,Spanish 003,No,No,,3643647
EN19,Male,26,Yes,portrait,art,painter,dry,clean,paper,dryer,clean,nut,can,mount,recycle,brush,clean,broom,clean,dry,towel,shop,cap,register,money,poor,bad,cash,launder,buy,nugget,noodle,wing,drink,wine,carbonation,sweet,chocolate,ice-cream,point,boy,peen,game,winner,player,game,soccer,winner,vision,specs,gamma,ouch,trouble,annoying,doctor,consultant,insurance,wear,clothes,design,code,violation,black,underwear,belt,shoes,steer,push,car,hag,grocery,book,hotel,cabin,stay,yay,rain,cold,sun,cold,body,blow,clock,woosh,banana,banana,banana,dormirse,comodo,despertirse,mirar,bano,dentes,resperar,saber,no,casa,cocina,lavarse,comida,cocina,pizza,ropa,planes,plantas,tender,cosas,comprar,tienda,vestidos,dinero,coche,montar,calle,beber,cerveza,comida,verduras,pollo,queso,comida,verduras,almorzar,jugador,entrenador,futbol,jugador,futbol,basquetbol,arboles,saber,que,recordar,no,dinero,enfermera,hospital,inyeccion,hospital,ensalada,ejercicio,camiseta,pantolones,vestirse,usar,cabeza,sol,pantalones,vestirse,mujer,aeropuerto,boleta,viajar,mar,voleibol,vacaciones,apartamento,casa,dinero,llover,nubes,agua,tiempo,caliente,hacer,cafe,helado,invierno,"English, a little spanish, a little japanese",English,English,English,I can talk about familiar topics using full (simple) sentences and ask basic questions.,I can recognize only very familiar words when listening/reading.,Yes,Graduate school,3 semesters,Yes,Span 3,No,No,,3726348
EN37,Female,18,Yes,colors,nature,person,bedding,paper,ice,clothes,clean,soap,garbage,smelly,dispose,clean,dust,crumbs,soap,water,clean,money,cashier,manager,afford,less,thin,green,value,rich,animal,farm,food,alcohol,drunk,bubbles,cookies,cupcakes,cake,sports,basketball,round,team,score,win,team,sport,value,bones,body,health,hurt,blood,broken,doctor,health,medicine,clothes,easy,simple,pretty,fitted,prom,clothes,jeans,sweatpants,car,license,road,school,store,food,camping,cabin,forest,cold,winter,ice,summer,hot,beach,cold,weather,destructive,banana,banana,banana,pantalones,camiseta,brazos,persona,comida,bien,medicina,medíco,doctora,agua,platos,pantalones,comer,comida,deliciouso,persona,hablar,hola,dinero,personas,zapatoes,tomar,comer,hablar,dinero,personas,rico,agua,frío,bien,animales,comida,rojo,comer,verde,vegetales,tomar,persona,hablar,hola,hablar,persona,persona,nada,hola,tomar,persona,comida,medíco,medícina,doctora,comer,comida,persona,pantalones,zapatos,personas,cabeza,pantalones,camiseta,mano,frío,brazos,transporte,personas,alta,mar,verano,calor,agua,personas,beber,nieve,frío,agua,calor,verano,playa,nieve,primavera,llueve,English,"English, Spanish","English, Spanish","English, Spanish",I can talk about familiar topics using full (simple) sentences and ask basic questions.,"In can understand the main idea and also details of somewhat complex discourse when listening/reading, especially if I'm familiar with the topic.",Yes,I took spanish classes in high school and college.,I studied Spanish in high school for three years and I studied Spanish for two semesters in college.,Yes,Spanish 3,Yes,No,,1131679
EN35,Female,19,Yes,paint,canvas,brush,bed,clean,fold,clothes,laundry,detergent,bag,can,recycle,broom,kitchen,floor,soap,clean,water,cashier,manager,assist,penny,broke,wage,savings,bank,wallet,livestock,meat,feathers,alcohol,drink,glass,sweet,chocolate,meal,sport,game,kick,win,game,goal,team,sport,competition,bone,technology,doctor,hurt,cry,broke,health,doctor,hospital,outfit,sleeves,casual,fancy,skirt,dance,jeans,belt,denim,wheel,car,gas,carry,purse,groceries,hotel,family,rent,white,cold,winter,fire,electricity,sun,air,breezy,trees,banana,banana,banana,ventana,manta ,lámpara,cuarto,mirar,muro,suelo,limpiar,tecnología,escoba ,lavar,aspiradora,cocina,comida,cena,ropa,caliente,limpiar,comida,ropa,comprar,barato,dinero,rebaja,comprar,tienda,dinero,lata,caliente,restarante,bistec,rojo,cena,salud,jardín,bueno,fiesta,jugar,amigos,juego,jugador,deporte,jugador,juego,deporte,salud,roto,pie,salud,doctor,gripe,ensalada,salud,carne,ropa,armario,camiseta,fiesta,sol,traje,cálido,cartera,bonita,cielo,volar,pasajero,agua,jugar,sol,apartamento,trabajo,dinero,paragua,impermeable,clima,caliente,clima,verano,suéter,nieve,invierno,2,English,English,English,I can talk about familiar topics using full (simple) sentences and ask basic questions.,I can understand basic information of everyday topics when listening/reading.,Yes,"High school, college",4 years,Yes,Spanish 3,No,No,,4337958
EN39,Female,19,Yes,color,brush,art,white,wash,comfy,clean,useful,good,gross,stink,empty,broom,dirt,clean,hands,laundry,clothes,cashier,money,service,money,hot dog,mom,spend,clothes,buy,food,egg,farm,cold,drink,party,chocolate,cake,ice cream,bounce,kick,hit,winner,soccer,fun,soccer,game,sport,injury,broken,cold,hurt,sad,injury,doctor,professional,sick,white,black,clothes,yellow,flowy,pretty,shorts,jean,skirt,gas,car,accident,purse,backpack,carry,house,place,home,cold,ice,white,stove,pan,fire,loud,cold,rain,banana,banana,banana,habitacion,casa,vestidor,mira,maquillaje,madre,limpiar,sucio,casa,sucio,platos,ropa,cocina,comida,famila,ropa,casa,limpiar,ropa,amigas,madre,menos,pequeno,diminuto,dinero,tecnologia,grande,agua,soda,beber,pollo,filete,cena,sano,verano,fresas,fútbol,tenis,vóleibol,futbol,juegos,amigo,futbol,partido,otono,tobillo,roto,malo,termometro,sopa,fiebre,naranja,fresas,agua,camiseta,pantalones,zapatos,ropa,lindo,frio,zapatos,pantalones,camiseta,volar,viaje,verano,nadar,amigas,verano,casa,amigos,pagar,mojado,frio,bruto,caliente,calida,brillante,invierno,mul,terrible,English,English,English,English,I can talk about familiar topics using single words or short phrases.,I can recognize only very familiar words when listening/reading.,Yes,3 levels of spanish in high school at spanish 2 and spanish 3 at penn state,5,Yes,Spanish 3,No,No,,8644354
EN33,Female,18,Yes,brush,colors,pretty,bed,warmth,soft,dryer,clothes,clean,gross,ugly,smelly,kitchen,carpet,room,washer,room,clean,manager,helpful,boss,dollar,money,made,dollar,rich,poor,grilled,charred,salad,fat,carbs,natural light,cake,cookies,brownie,bouncing,round,soft,winner,prize,award,winner,hard worker,team,doctor,office,bone,hurt,toe,head,doctor,school,care,clothes,soft,short sleeve,pretty,long,flowy,long,warm,winter,red light,speeding,sign,backpack,clothes,purse,hotel,fun,ski,cold,freezing,slush,hot,summer,turf,winter,trees,leaves,banana,banana,banana,dormitorio,casa,habitacion,autorretrato,personaje,casa,casa,piso,carpeto,cocina,laborador,piso,cocina,bistec,huevos,lavador,llavar,ropa,mercado,supermercado,ensalada,sol,tierra,planeta,coche,bolso,casa,sol,jugo,agua,bistec,pollo,pescado,comida,restaurante,comer,sol,nieve,tierra,trabajo,libro,casa,sol,cocina,comida,viajar,aeropuerto,avion,enfermo,toz,enfermera,sana,comida,medico,pantalones,ropa,zapatos,barro,pelo,sol,pantalones,espalda,vestido,aeropuerto,volar,cielo,sol,oceano,marino,hotel,coche,tren,limpiar,llamar,casa,nieve,tierra,planeta,nieve,invierno,hielo,English,1,,,I can talk about familiar topics using full (simple) sentences and ask basic questions.,"In can understand the main idea and also details of somewhat complex discourse when listening/reading, especially if I'm familiar with the topic.",Yes,Highschool and college,4 years,Yes,Spanish 3,No,No,,4131886
EN31,Female,19,Yes,Unique,Colorful,Artist,Bed,Sleep,Comfortable,Clean,Clothes,Detergent,Dirty,Smelly,Bags,Clean,Dusty,Leaves,Laundry,Dishes,Clean,Bored,Minimum wage,Helpful,Low quality,Budgeting,McDonald's,Necessary,Useful,Paper,Loud,Yummy,Fried,Gross,Adults,Budlight,Delicious,Ocassion,Pie,Kick,Play,Round,Finals,Tournament,Soccer,Sports,Game,Team,Medical,Technical,Bones,Hurt,Bandaid,Hospital,Doctor,Helpful,Smart,Clothes,Wear,Comfortable,Clothes,Cute,Occasion,Clothes,Warmer,Long,Car,Train,Travel,Space,Shopping,Carrying,Roof,Bed,Comfortable,Cold,Pretty,White,Warm,Summer,Swimming,Invisible,Refreshing,Messy,banana,banana,banana,dormir,almohada,hojas,mira,vidrio,marco,limpia,Ruidosa,alfombra,cocina,restaurante,cuarto,comida,maceta,cálido,ropa,ordenado,caliente,comestibles,compras,Carro de compras,azúcar,árboles,comida,lamborghini,mansión,mundo de disney,soda de naranja,Coca,carbonatación,pollo,pescado,cordera,vegetales,lechuga,Tomates,fiesta,cumpleaños,tenis,gimnasio,Deportes,pesos,deporte,fútbol,silbar,Doctor,herida,dolor,doctor,hospital,gripe,verduras,frutas,ejercicio,ropa,cubrir,verano,caliente,verano,afuera,linda,bonita,chicas,volar,rápido,elevado,verano,caliente,arena,Departamento,casa,carro,paraguas,impermeable,botas de lluvia,caliente,verano,Tierra,nieve,primavera,Oceano,"English, Ewe, a little Spanish",English,English and Ewe,English and Ewe,I can talk about familiar topics using full (simple) sentences and ask basic questions.,I can understand basic information of everyday topics when listening/reading.,Yes,high school and college,4 semesters,Yes,SPAN 003,No,No,,4576488
EN41,Male,19,Yes,picasso,art,brush,bed,gasoline,comfortable,dryer,laundry,clothes,can,waste,recycle,clean,mop,tidy ,car,body,shower,helpful,job,wage,dollar,inexpensive,bad quality,dollars,finances,success,cutlet,dinner,protein,corona,drunk,party,ice cream,cake,cookie,basketball,baseball,sports,ring,trophy,sports,videogames,sports,fun,broken bone,camera,waves,hurts,sharp,injury,doctor,nurse,helpful,clothes,top,clothing,prom,wedding,pretty,jeans,cargo,bottoms,car,road,trip,purse,backpack,suitcase,vacation,home,hotel,white,skiing,cold,fire,sweat,summer,blow,breeze,storm,banana,banana,banana,dormir,dormitorio,casa,mirar,bonita,reflexion,limpio,bonito,magnifico,basura,casa,lavar,comida,cena,almuerzo,plantar,metal,gravar,ropa,deportes,supermercado,pequeno,un poco,descuento,barato,dinero,traje de credito,beber,agua,refresco,comida,pollo,queso,dieta,lechuga,verde,encuentro,parque,caliente,ejercicio,dieta,estrirar,deportes,futbol,baloncesto,doler,pierna,herida,enfermero,hospital,medicina,adelgazar,comida,ejercicio,ropa,camiseta,blousa,gorra,fiesta,mexico,ropa ,ella,pantalones,ir,vacacion,boleto,agua,bonito,mexico,casa,apartamento,dinero,nube,primavera,mal,caliente,hace,verano,hace,fiebre,invierno,"english, very basic spanish",english,english,english,I can talk about familiar topics using full (simple) sentences and ask basic questions.,"In can understand the main idea and also details of somewhat complex discourse when listening/reading, especially if I'm familiar with the topic.",Yes,"middle school, high school, college",4 years,Yes,just finished spanish 3,No,No,,5737102
EN45,Female,19,Yes,pretty,colorful,hanging,bed,comfy,white,dryer,clothes,tidepod,can,garbage,food,floor,mop,vacuum,dishes,soap,sponge,cashier,food,money,clothes,sale,affordable,rich,dollars,cash,wings,nuggets,fries,can,store,dad,cake,chocolate,ice cream,baseball,toy,play,winner,title,celebrate,baseball,sports,soccer,bone,skeleton,doctor,hurt,leg,bruise,doctor,assistant,office,thomas rhett,boyfriend,penn state ,wedding,prom,pink,khaki,jeans,leggings,car,road,license,plastic,purse,store,hotel,house,cabin,tires,pretty,ice,hot,sweaty,air,mill,trees,air,banana,banana,banana,room,bed,duerme,ski,slope,sport,aspiration,dream,,clean,dishes,los platos,cook,pollo,comida,plant,outside,put,store,mall,centro commerical,return,short,,car,street,cat,drink,agua,beber,meat,pollo,chicken,salad,comida,zanahoria,sports,game,boleta,,,,,,,suitcase,trabajo,aeroplane,sick,doctor,medico,healthy,sick,exam,shirt,clothes,ropa,hat,mexico,fiesta,skirt,store,clothes,plane,aeropuerto,muleta,beach,vamos,mar,ski,,,rain,snow,clouds,sun,mar,luna,cold,mal,ski,English,English,English,English,I can talk about familiar topics using single words or short phrases.,"In can understand the main idea and also details of somewhat complex discourse when listening/reading, especially if I'm familiar with the topic.",Yes,highschool and collehe,4 years,No,,No,No,,4312016
EN47,Female,19,Yes,art,colors,masterpiece ,bed,blanket,comforter,dryer,clean,clothes,garbage,useless,gross,broom,mop,garbage,soap,clean,scrub,cashier,worker,grocery,good,affordable,made,essential,green,necessity ,food,animal,eggs,alcohol,Corona,mug,ice cream,cookie,brownie,red,bounce,roll,football,sports,chess,game,videogame ,sports,dangerous,skeleton,medical,hurt,sad,ouch,doctor,smart,stethoscope ,clothes,graphic,casual ,clothes,skirt,shoes,leggings,jeans,shorts,car,fast,lights,garbage,plastic,purse,vacation,woods,Hershey,white,flakes,cold,hot,sweltering,summer,cold,breeze,chilly,banana,banana,banana,dormitorio,almohada,ropa,persona,ropa,maquillar,sacar,basura,limpiar,baño,lavar,bañarse,hornear,comida,cena,ropa,limpiar,,ropa,comida,centro commercial,,,,dinero,mal,mucho,beber,vaso,agua,pollo,camarones,pavo,lechuga,tomates,pepino,fútbol,fútbol americano,baloncesto ,jugar,fútbol,beísbol,,,,caminar,doler,mal,sentir,mal,tos,ensalada,frutas,verduras,camiseta,pantalones,zapatos,ropa,cabeza,rojo,ropa,piernas,camisa,volar,personas,viaje,sol,agua,bonita,casa,apartamento,carro,sol,agua,atmosfera,hace,frío,playa,hace,sol,invierno,English,English,English,English,I can talk about familiar topics using full (simple) sentences and ask basic questions.,I can understand basic information of everyday topics when listening/reading.,Yes,"middle school, high school and college",6 years,No,,No,No,,6694459
EN49,Female,19,Yes,artist,paint,museum,bed,pillow,hotel,dryer,clean,clothes,garbage,bag,disposal,clean,broom,dustpan,clean,plates,dishes,cashier,salesman,worker,inexpensive,breaks,stingy,cash,home,green,eggs,bawk,thigh,drink,alcohol,glass,cake,cupcake,ice cream,sport,kid,bouncy,medal,champion,winner,game,boy,soccer,machine,skeleton,bone,ouch,level,hurt,doctor,office,hospital,clothes,cotton,sleeves,clothes,fancy,suit,shorts,clothes,jeans,walk,car,road,paper,groceries,purse,housing,hotel,shelter,ice,white,flakes,hot,red,heater,tunnel,air,energy,banana,banana,banana,hojas,almohada,dormir,cara,me,cabello,alfombra,limpiar,casa,platos,lavadora,cara,cena,almorzar,desayunes,ropas,camiseta,falda,ropas,dinero,cajera,tienda,dinero,pequeño,dinero,oro,plata,beber,soda,jugo,pollo,filete,comida,verduras,lechuga,zanahoria,tenis,fútbol,béisbol,gimnasio,levantar,pesas,campeona,juego,jugar,hueso,tobillo,hospital,hospital,enfermas,médica,verduras,frutas,leche,camiseta,chaqueta,corbata,mirachi,cabeza,guantes,niña,piernas,cortos,piloto,volar,aeropuerto,jugar,oceano,arena,apartamente,casa,película,agua,cielo,nube,caliente,amarillo,brillo,hace,nieve,invierno,English,English,English,English,I can talk about familiar topics using full (simple) sentences and ask basic questions.,"In can understand the main idea and also details of somewhat complex discourse when listening/reading, especially if I'm familiar with the topic.",Yes,"high school, college","3 years in high school, 2 semesters in college",No,,No,No,,5689636
EN53,Male,27,Yes,art,museum ,canvas,cotton,silk,white,dryer,water,detergent,garbage,recycle,waste,broom,clean,dust,water,clean,towel,worker,minimum,convience store,poor,inferior,plastic,job,cash,green,egg,food,scared,drink,alchole,craft,cake,sugar,coffee,baseball,red,bouncy,winners,sports,trophey,baseball,game,boardgame,medical,chart,doctor,body,suffering,hurt,doctor,medical,office,clothing,coton,art,red,black,women,jeans,blue,trouser,car,destination,gas,cotton,plastic,carry,hotel,travel,sleep,white,cold,man,fire,warm,furnace,energy,birds,flying,banana,banana,banana,habitacion,casa,sofa,habitation,ropa,maquillaje,limpiar,casa,trabajo,lavar,cocina,habatacion,comida,manzana,cocina,ropa,calor,tareas,compras,caro,barrato,compras,barrato,dinero,dinero,bolso,cartera,beber,azucar,aqua,asada,comida,burrito,tomate,lechuga,cena,fiesta,groupo,discoteca,juego,futbol,ejecicio,juego,deportes,futbol,Medico,hospital,cura,medico,doctor,medicina,frutas,verdura,ejercicio,rojo,pantalones ,ropa,ropa,cerveca,fritas,ropa,compras,mercado,cielo,viaje,carro,caminar,familia,tocar,casa,departamento,ciudad,tiempo,aqua,tierra,cerveza,tierra,planeta,Nieve,helado,invierno,english,english,english,english,I can talk about familiar topics using single words or short phrases.,I can recognize only very familiar words when listening/reading.,No,,,,,No,Yes,"spain, peru, mexico, costa rica week to two",419634
EN57,Female,19,Yes,brush,canvas,art,bed,comforter,pillows,machine,dish,laundry,can,garbage,recycling,broom,floor,clean,hands,clothes,dishes,cashier,worker,apron,money,expensive,discount,green,work,cash,wing,farm,duck,drink,wine,party,cake,chocolate,pie,game,sport,team,game,trophey,soccer,soccer,football,baseball,machine,hospital,bone,hurt,injury,sadness,job,doctor,office,clothes,summer,gym,skirt,party,heels,shorts,jeans,shirt,car,keys,road,purse,money,tote,cabin,skiing,roof,angel,flake,winter,summer,wave,hot,rain,grey,breeze,banana,banana,banana,cuarto,almohada,manta,baño,maquillaje,luz,limpiar,quehaceres,casa,lavadora,aspiradora,lavavajillas,comida,cocina,horno,ropa,limpiar,quehaceres,comprar,ropa,comida,dinero,barato,tienda,barato,dinero,rico,bebida,limonada,agua,comida,pollo,pavo,vegetales,verde,saludable,equipo,campeonato,entrenador,equipo,partido,fútbol,partido,equipo,campeonato,dolor,pierna,tobillo,enfermero,hospital,medicina,ejercicio,ensalada,fruta,camiseta,ropa,pantalones,fiesta,ropa,gorro,ropa,vestido,camisa,aeropuerto,piloto,primera clase,sol,verano,mar,apartamento,casa,dinero,frío,nieve,viento,verano,calor,playa,invierno,nieve,lluvia,English,English,English,English,I can talk about familiar topics using full (simple) sentences and ask basic questions.,"In can understand the main idea and also details of somewhat complex discourse when listening/reading, especially if I'm familiar with the topic.",Yes,"Middle school, high school, college","3 years in middle school, 3 years in high school, 2 semesters in college.",No,,No,No,,2258418
EN59,Female,19,Yes,Colorful ,Art ,Paintbrush ,Soft ,Big ,Colorful ,Clean ,Tidy ,Organized ,Smelly ,Stinky ,Waste ,Make nice ,Clean ,Organize ,To clean ,Tidy up ,New ,Worker ,Employee ,Smart,Money ,Credit card ,Dollar store ,Job ,Hard working ,Business ,Animal ,Food ,Fast ,Thirsty ,Drink ,Wine ,Food  ,Treat,Sweets ,Circle ,Round ,Play with ,Win,Score ,Trophy ,Team player ,Hard worker ,Athletic ,Hospital ,Scanner ,Bones ,Hurt ,Bandaid ,Medicine ,Degree ,Worker ,Doctor,Cotton ,Shorts ,Dress,Cotton ,Pretty ,Party ,Shorts ,Jeans ,Skirt ,Car ,Beep ,Truck ,Plastic ,Holds stuff ,Helpful ,Home ,Living ,Hotel ,Cold  ,Icy ,White ,Hot ,Red ,Warm ,Outdoors ,Clouds,Cold ,Banana ,Banana ,Banana ,Dormitorio,Almohada,Manta ,Yo mismo,El baño,Dormitorio ,Organizar ,Ordenado ,Limpio ,Organizar ,Ordenado,Limpio ,Comer ,La cena ,Cocina ,Ropa ,Hierro ,Organizar ,Ropa ,Comer ,Centro comercial ,La tienda ,Tarjeta de crédito ,Dinero ,Ropa ,Joyería,Vacacion,Beber ,Agua ,Vino,Comer ,La cena ,Los animales ,Lechuga ,Aliño,Tomates ,Decoraciones ,Piñata ,El pastel ,Equipo ,Trabajo ,Jugar ,Jugar,Equipo ,Entrenador ,Hospital ,Médico ,Pierna ,Médico  ,Enfermero,Medicina ,Frutas,Levantar pesas ,Correr ,Ropa,Blusa ,Algodón,Hace calor ,Sol,Caliente ,Camisa ,Vestido ,Pantalones ,Boleto,Pasaporte ,Vacación,Agua ,Arena ,Toalla ,Casa,Apartamento ,Dinero ,Agua ,Nube ,Ceilo ,Hace calor ,Al aire libre ,Verano ,Nieve ,Helado ,Agua ,English and Spanish ,English ,English ,English ,I can talk about familiar topics using full (simple) sentences and ask basic questions.,"In can understand the main idea and also details of somewhat complex discourse when listening/reading, especially if I'm familiar with the topic.",Yes,High school and college ,7 years ,Yes,Spanish 100,No,No,,7425954
EN51,Male,18,Yes,art,teacher,mural,bed,sleep,wash,clothes,water,room,garbage,can,waste,broom,dirty,floor,water,clothes,dishes,cashier,items,sitting,broke,inexpensive,low,love,spending,wallet,pollo,meat,lots,alcohol,fun,booze,yummy,brownie,night,basketball,object,throw,win,team,celebrate,team,sports,love,injury,bone,doctor,injury,hurt,uncomfy,doctor,injury,hurt,clothes,drip,run,girl,flowy,elaborate,bottoms,shorts,jeans,car,music,friends,backpack,carry,items,woods,cabin,fun,white,cold,sled,hot,summer,temperature,windy,cold,gusts,banana,banana,banana,dormir,ocho,descansar,persona,limpio,grande,limpiar,casa,enojada,bano,casa,me,comida,pollo,amigos,ropa,agua,caliente,dinero,comida,ropa,dinero,tienda,ropas,dinero,falta,mucho,beber,caliente,bien,pollo,res,comida,salud,comida,restaurante,boleta,jugador,estadio,deportes,jugador,boleta,deportes,lider,hombre,caminar,herida,cuerpo,malo,sentirse,enojada,deportes,comida,correr,ropa,tienda,deportes,divertido,fiesta,ropa,ropa,chicas,expensivo,viajar,lugares,mucho,divertido,sol,amigos,dinero,vivir,amigos,mal,en,casa,caliente,deportes,todos,caliente,papas,cocinar,English,English,English,English,I can talk about familiar topics using full (simple) sentences and ask basic questions.,I can understand basic information of everyday topics when listening/reading.,Yes,"High School, college",6 years,Yes,SPAN 3,No,No,,7896038
EN75,Female,18,Yes,Paintbrush,Colors,Canvas,Bed,Covers,Sleep,Dryer,Clothes,Soap,Bag,Discard,Old,Clean,Floor,Broom,Clean,Hands,Dishes,Employee,Uniform,Products,Store,Money,Coins,Bills,Buying,Saving,Dinner,Meat,Animal,Drink,Party,Alcohol,Food,Dinner,Cake,Game,Fun,Round,Trophy,Game,Sports,Game,Person,Sports,Machine,Doctor,Bones,Hurt,Anguish,Hospital,Doctor,Patient,Help,Blouse,Pants,Jacket,Heels,Fancy,Blue,Jeans,Shorts,Clothes,Car,Roads,Wheel,Shopping,Carrying,Luggage,Hotel,Cabin,Staying,Snowman,Winter,Cold,Outside,Hot,Sweat,Outside,Sky,Breeze,Banana,Banana,Banana,Cuarto,Casa,Dormir,Reflexión,Cara,Bonita,Casa,Suelo,Cuarto,Lavar,Platos,Casa,Cocina,Hornear,Comida,Ropa,Caliente,Limpiar,Comprar,Ropa,Edificio,Barato,Tienda,Comprar,Dinero,Billete,Comprar,Beber,Cafetería ,Agua,Asado,Pollo,Comida,Lechuga,Almuerza,Fruta,Gol,Jugar,Personas,Jugar,Ejercicio,Partido,Jugar,Partido,Grupos,Roto,Huesos,Pierna,Hospital,Doctor,Enfermera,Hospital,Comida,Ejercicio,Camiseta,Pantalones,Suéter,Ropa,Sol,Persona,Ropa,Bonita,Pantalones,Volar,Aeropuerto,Visitar,Hermosa,Sol,Océano,Apartamento,Hotel,Quedar,Afuera,Tiempo,Frío ,Calor,Afuera,Playa,Afuera,Chaqueta,Nieve,English and some Spanish,English,English,English,I can talk about familiar topics using full (simple) sentences and ask basic questions.,I can understand basic information of everyday topics when listening/reading.,Yes,4 years of high school and first year of college,5 years,Yes,Spanish 200,No,No,,2280169
EN63,Female,19,Yes,art,museum,relaxing,run,pillow,bed,dryer,clean,clothes,junk,can,bin,broom,clean,tidy,clean,dry,dirty,grocery,job,people,expensive,bad,deal,dollars,bank,paid,duck,bird,turkey,alcohol,yeast,yellow,cookies,candy,dinner,baseball,bat,sports,game,winner,loser,soccer,football,sport,scan, broken,radiation,gain,hurt,accident,doctor,medical,nurse,short,summer,color,up,fancy,women,shirt,shorts,shoes,there,down,home,money,purse,wallet,wedge,woods,cabin,ball,winter,cold,wave,hot,summer,blown,storm,tornado,banana,banana,banana,como,estas,camisa,ojo,huevo,hola,salud,siento,playa,duchar,decir,beber,lechuga,refrigador,sienten,plantar,almuzar,tiene,tener,hacer,neccesita,naranja,cabaza,neccesita,bailar,musica,carta,frio,beber,agua,bitec,pollo,lechuga,lechuga,manzana,pollo,trabajo,tarjeta,camisa,entrada,neccesitar,hacer,aeropuerto,manana,camisa,carro,febraro,marzo,salude,carro,medico,salud,perro,gato,pantalones,zapatos,cabjo,chaqueta,camisa,pantalones,cabaza,trabajo,agua,aerpuerto,viendo,frio,toalla,san,sal,agua,hola,hermina,llegar,tiene,madre,hermano,madre,padres,hace,computar,camiendo,english,english,english,english,I can talk about familiar topics using single words or short phrases.,I can recognize only very familiar words when listening/reading.,Yes,high school and college,four years total,Yes,spanish 3,No,No,,1035692
EN65,Female,19,Yes,picture,landscape,abstract,warm,cover,protect,dryer,clothes,clean,garbage,can,truck,broom,dust,clean,dishes,clothes,car,grocery,register,pay,clothing,tools,price,bank,bag,price,nugget,tender,parm,can,bottle,light,cake,pastry,sweet,volley,basket,net,finals,winner,teams,one,game,baseball,bones,broken,check,ouch,leg,medicine,heal,care,doctor,dye,wear,casual,fancy,shoes,doll,colorful,jeans,shorts,car,scooter,moving,trash,carry,grocery,hotel,cabin,stay,white,cold,igloo,stroke,blanket,warm,instrument,breeze,cool,banana,banana,banana,la manta,la almohada,dormir,mirar,reflejar,la luz,el polvo,las migas,limpiar,aspiradora,la mopa,el cuarto,el pollo,el carne,las verduras,liso,la ropa,el vestido,comprar,la rebaja,la ropa,el precio,barato,feliz,el oro,el diamante,el anillo,el hielo,dulce,frio,comir,cocinar,la vaca,el tomate,la zanahoria,la lechuga,baloncesto,divertido,voleibol,el deporte,el baloncesto,ayudar,el baloncesto,los deportes,las reglas,ayudar,apoyar,la herida,triste,la medicina,estornudar,feliz,ejercicio,correr,cubrir,la ropa,la lana,la sol,proteger,divertido,elegante,la tela,fluir,volar,viajar,el aeropuerto,el lago,la toalla,la arena,el apartamento,el coche,el barco,el paraguas,el charco,la agua,caliente,la playa,nadar,la nieve,la chaqueta,los guantes,English and some Spanish,English,English,English,I can talk about familiar topics using full (simple) sentences and ask basic questions.,"In can understand the main idea and also details of somewhat complex discourse when listening/reading, especially if I'm familiar with the topic.",Yes,High School and College,3 years,Yes,,Yes,No,,8802456
EN71,Female,18,Yes,Colors ,Expression ,Art ,Bed,Night ,Pillows,Dryer ,Clean,Dirty ,Dirty,Recycle ,Done ,Clean,Wipe,Dirty,Clean ,Dirty ,Cleanse ,Job ,Money,Worker ,Poor,Bad,Expensive ,Reward ,Work ,Happiness,Meat,Steak,Food,Alcohol ,Wine ,Liquor ,Cake ,Sweet,Dinner,Sports ,Game ,Play,Game ,Winner ,Champions ,Game ,Team ,Winner ,Bones ,Vision ,See,Hurt,Wound,Harm ,Doctor ,Medicine ,Help,Clothes ,Shirt ,Pants ,Fancy ,Skirt ,Clothes,Clothes ,Shorts ,Shirt,Movement ,Car,Directions ,Purse,Plastic,Stuff,Relaxing ,Chilling ,Vacation ,Cold ,Winter ,Snowman ,Fire ,Hot ,Warmth ,Breeze ,Cold ,Powerful,Banana,Banana,Banana ,,,,,,,,,,,,,,,,,,,,,,,,,,,,,,,,,,Vegetales ,Frutas ,Comida ,,,,,,,,,,,,,,,,,,,,,,,,,,,,,,,,,,,,,,,,,,,,,,,,,,,,,,,,,,,,5366004
EN77,Female,21,Yes,Paint,Painter,Art ,Bed,Blanket,Cover,Washing machine,Dryer ,Dish washer ,Garbage ,Gross,Used,Clean,Dirt,Cleaning,Clean ,Washing,Cleaning,Cashier,Worker,Clerk,Poor,Broke,No money,Cash,Fund,Spend,Yum,Food,Farm,Alcohol ,Drunk,Drink,Yum,Food,Cake,Round,Bounce,Sports,Win,Goalie,Yay,Plays,Sports,Soccer,Hurt,Bone,Doctor,Hurt,Ow,Help,Doctor,Health ,Take care ,Clothes,Wear,Hot,Skirt,Clothes,Skirt,Clothes,Bottoms,Shorts,Car,License,Fast,Carry,Purse,Clothes,Hotel,Stay,Sleep,Sky,Rain,Earth,Hot,Sweat,Cold,Fast,Weather,Cold,Banana,Banana,Banana,Dormir ,,,Vidrio ,Vaso ,,Limpiar,Limpiadora,?,Mondar ,,,Comer,Comida,Pollo,Pulsar,,,Taller,Ropa,,Peqeno,Reduccion,?,Rico,Anillo ,,Beber,,,Comer,Pollo,,Pollo,Comida,Sano,Equipo,,,Deportista,Coche ,,Referí,,,Romper,Pierna,,Enfermar,,,Sano,,,Falda ,,,Ropa ,,,Ropa,,,Plano,Esfera ,,Oceano ,Nadar ,,Rentar ,,,Nube ,,,Luz ,Caliente ,,Glacial,,,English,English,English,English,I can talk about familiar topics using single words or short phrases.,I can recognize only very familiar words when listening/reading.,Yes,College,1 year,No,,No,No,,3040078
EN61,Female,19,Yes,art,colors,brushes,clean,bed,pillow,dryer,clothes,dishes,food,recycle,landfill,broom,dust,floor,clean,soap,dishes,cashier,checkout,aisle,money,clothes,shopping,shopping,saving,credit,dinner,barbecue,salad,bar,glass,bottle,cake,chocolate,ice cream,bat,glove,hoop,game,team,trophy,field,team,jersey,doctor,bones,cast,redness,discomfort,body,doctor,office,help,tank top,comfort,loungewear,summer,long,flowy,jeans,buttons,fitted,car,license,music,plastic,purse,designer,camp,home,wood,winter,cold,coat,sweat,warmth,fire,outdoors,cold,mountains,banana,banana,banana,el maquillaje,lavar,los ojos,vidrio,la casa ,el cuadro,limpiar,la casa,el cuadro,platos,ropa,casa,pollo,bistec,friar,ropa,camisa,falda,ropa,comida,dinero,descuento,comprar,ropa,dinero,ropa,rico,la comida,las cervesas,el agua,bistec,pollo,estufa,la lechuga,almorzar,las zanahorias,el beísbol,el equipo,el fútbol,equipo,partido,practicar,el partido,el baloncesto,el futbol,dolor,el enyesado,el medico,pastillas,dolor,descansar,frutas,verduras,ensalada,la tienda de ropa,dinero,comprar,gafas de sol,bufanda,accesorios,camisa,tienda de ropa,zapatos,cielo,viaje,el verano,el verano,el traje de baño,la sol,casa,apartamento,dinero,la chaqueta,nube,nieve,gafas de sol,la playa,el verano,abrigo,nieve,invierno,English,English,English,English,I can talk about familiar topics using full (simple) sentences and ask basic questions.,"In can understand the main idea and also details of somewhat complex discourse when listening/reading, especially if I'm familiar with the topic.",Yes,Through high school and for my first year of college,4 years,No,,No,No,,8027355
EN81,Male,19,Yes,Art,Colors,Brush ,Fresh,Bed,Soft,Dish,Clean,Laundry ,Can,Garbage ,Dirty,House,Clean,Dirt ,Clean,Scrub,Hair,Cashier,Money,Change ,Selfish ,Fake,Flimsy ,Green,Rich,Job,Meat,Steak,Pollo,Drink,Alcohol ,Bud Light,Ice cream,Cake,Cookie ,Sports,Football,Basketball ,Trophy ,Game,Celebration ,Athlete,Sport,Competition ,Machine,Doctor ,Expensive ,Hurt,Harm,Sad ,Doctor,Help,Therapy ,Short,Summer,Clothes,Clothes,Women,Formal,Shorts,Jeans ,Long,Car,Destination ,Music,Trash,Store ,Lunch ,Sleep,Bed,Woods,Winter,Cold,Sled ride ,Warm,Sun,Hot,Outdoors,Leaves,Chilly,Banana ,Banana,Banana,Dormitorio ,Dormir ,Acostarse ,Yo,Limpiar,Nuevo ,Pasar,Limpiar ,Casa,Baño,Limpio ,Cama,Comida,Pollo,Bistec ,Ropa ,Camiseta ,Pantelones ,Ropa,Rebaja ,Zapatos ,Dinero,Camiseta ,Ropa,Dinero,Tacaño ,Tarjeta crédito ,Beber,Agua,Leche,Bistec ,Pollo,Jamón ,Comida,Tomato,Salud ,Deporte ,Fútbol ,Béisbol ,Deportes,Salud,Pesas,Deporte,Partido,Fútbol ,Pie,Pierna,Doler,Salud,Doler,Doctor,Salud,Correr,Deporte ,Pantelones,Zapatos ,Calcetines ,Cabeza ,Gorra ,Guantes ,Mujer ,Vestido,Bufanda ,Alto,Grande,Sol,Sol,Calor,Divertido ,Casa,Apartamento ,Coche,Paraguas,Flores,Mayo ,Hacer,Calor,Playa,Hacer,Invierno ,Nieve ,English and a little Spanish ,English ,English ,English ,I can talk about familiar topics using full (simple) sentences and ask basic questions.,I can recognize only very familiar words when listening/reading.,Yes,High school and college ,7 years,Yes,,No,No,,4303237
EN73,Female,20,Yes,mural,brushes,paint,clean,linnen,silk,dryer,clothes,dishes,can,collector,dirty,floor,bathroom,team,dishes,clothes,money,worker,clothes,money,clothes,money,expensive,green,paper,coins,bucket,basket,bird,ball,can,pong,sand,cammels,sahara,blast,bounce,round,team,win,game,team,game,competition,medical,broken,bones,tolerence,hurt,full,doctor,assistant,office,wet,large,small,up,pretty,wedding,joggers,jeans,flow,reverse,music,road,shopping,hold,purse,house,hotel,people,cold,white,winter,sun,summer,hot,gust,weather,strong,banana,banana,banana,quarto,compañeros,almohada,mirar,pared,reflexion,sala,alfombra,suelo,ropa,platos,lava,cocina,comida,caliente,ropa,junta,prensa,ropa,compras,dinero,precio,baja,incrementar,dinero,precio,,bebido,restaurante,cola,filete,comida,tocino,lechuga,zanahorias,pepino,árbitro,juego,juegador,gimnasio,tabajador,entrenar,juego,jugadora,ganar,herida,rota,ayuda,enferma,tos,gripe,fresco,ejercicio,comida,camiseta,pantalones,cortos,cabeza,pelo,esconder,ropa,larga,corto,viaje,bote,carro,agua,arena,calida,dinero,pagar,mes,descendente,viva,nieve,caliente,clima,temperatura,heilo,clima,nieve,english,english,english,english,I can talk about familiar topics using single words or short phrases.,"In can understand the main idea and also details of somewhat complex discourse when listening/reading, especially if I'm familiar with the topic.",Yes,"middle, high school, and college",9,No,,No,No,,751525
EN83,Female,19,Yes,Art,Oil,Watercolor ,Bed,Mattress,Comfort,Dryer,Cycle,Rinse,Can,Bottles,Paper,Mop,Vacuum ,Machine ,Dryer ,Clothes ,Detergent ,Counter,Register ,Cash,Store,Thrift,Deals,Bank,Check,Cash,Nuggets,Fries,Ranch,Wine ,Drink ,Party,Sand,Warm ,Dry,Bounce ,Play,Sport,Game,Soccer ,Trophy,Baseball,Team,Cards,Machine,Hospital ,Bones,Hurt,Sorrow ,Sad ,Doctor,Nurse,Hospital ,Tye dye,Summer,Hot,Clothes,Wardrobe ,Rules,Shoes,Hat,Clothes ,Car,Steering ,Brakes ,Store ,Groceries,School,Hotel,Stay,Bed,White,Winter,Christmas ,Summer,Wave ,Weather ,Storm,Breeze,Hurricane ,Banana,Banana ,Banana ,Hacer,Limpiar,Lavarse,Baño,Inodoro ,Maquillaje ,Alfombra ,Sala,Quitar,Baño,Platos,Ropa,Cocina,Hornear,Microondas ,Camisa,Camiseta,Vestido,Zapatería ,Heladería ,Joyería ,Descuento ,Dinero,Tienda,Joyería ,Reloj,Collar,Soda,Restaurante,Beber,Jámon,Pollo,Bistec ,Lechuga ,Tomate ,Cuchillo ,Fútbol,Juego,Jugar,Gimnasia ,Gimnasta ,Levantar ,Fútbol,Jugar,Pelota,Pena,Coche,Velocidad ,Hospitalizado ,Enfermo,Gripe,Ejercicio ,Frutas,Verduras,Camiseta,Tienda,Comprar,Sol,Gafas,Reloj,Chica,Niña,Muñeca,Tren,Coche,Carro,Mar,Oceana ,Familia,Casa,Apartamento ,Dormitorio ,Agua,Nieve,Lago,Calor,Verano ,Temperatura ,Nieve,Invierno,Fresco ,English and Spanish ,English ,English ,English,I can talk about familiar topics using full (simple) sentences and ask basic questions.,"In can understand the main idea and also details of somewhat complex discourse when listening/reading, especially if I'm familiar with the topic.",Yes,"High school 3 years, several semesters of college ",5 years on and off ,Yes,Span 200,No,No,,3147608
EN79,Female,18,Yes,paint,canvas,creative,covers,bed,pillow,drier,clean,laundry,garbage,waste,litter,clean,mess,mop,clean,freshen up,newer,cashier,retail,money,inexpensive,bargain,saving ,cash,work,spend,animal ,egg,hen,fermentation,wheat,alcohol,chocolate,savory,sweet,game,play,fun,win,trophy,champion,game,ball,team,bone,broken,hurt,hurt,bruise,cry,doctor,assitant,healthcare,big,graphic,comfy,clothing,formal ,nice,long,pockets,comfy,car,commute,traffic,plastic,paper,garbage,housing,living,lodge,white,skiing,snowman,hot,humid,sun,air,cold,blowing,banana,banana,banana,dormir,almohada,hojas,plata,reflexión,cara,limpiar,cavio,máquina barredera,asear,reformar,ponerse las botas,comido,preparar,comer,ropa,caliente,prensa,comprar,vender,ropa,reducción ,disminución ,rebaja,barato,much dinero ,bonita,enfriamiento ,refrigerio,honorarios suplementarios,pollo,pez,carne de vaca,lechuga,vegetal,sana,juego,fuego,calliente,preparador,domador,preparadora,juego,campo,silbar,caña,bastón ,ayuda,enfermar,tos,fiebre,salud,sano,benéfico,camiseta,ropa,cómoda,gorra,fedora,casco,ropa,saya,vuelta,avión de papel,plátano,plano,agua,sol,arena,dinero,alquiler,casa,mojado,nieva,charco,luz,caliente,solar,fressco,glacial,gris,"English, Spanish ","English, Tagalog, Serbian ","English, Tagalog, Serbian","English, Tagalog, Serbain ",I can talk about familiar topics using full (simple) sentences and ask basic questions.,"In can understand the main idea and also details of somewhat complex discourse when listening/reading, especially if I'm familiar with the topic.",Yes,"Middle School, High School, College",8 years,No,,No,No,,8441042
