Participant,Gender,Age,SpanL1,[Field-1]-agua-relatedword1,[Field-1]-agua-relatedword2,[Field-1]-agua-relatedword3,[Field-1]-banco-relatedword1,[Field-1]-banco-relatedword2,[Field-1]-banco-relatedword3,[Field-1]-carro-relatedword1,[Field-1]-carro-relatedword2,[Field-1]-carro-relatedword3,[Field-1]-comida-relatedword1,[Field-1]-comida-relatedword2,[Field-1]-comida-relatedword3,[Field-1]-hotel-relatedword1,[Field-1]-hotel-relatedword2,[Field-1]-hotel-relatedword3,[Field-1]-dormir-relatedword1,[Field-1]-dormir-relatedword2,[Field-1]-dormir-relatedword3,[Field-1]-ejercicio-relatedword1,[Field-1]-ejercicio-relatedword2,[Field-1]-ejercicio-relatedword3,[Field-1]-futbol-relatedword1,[Field-1]-futbol-relatedword2,[Field-1]-futbol-relatedword3,[Field-1]-hospital-relatedword1,[Field-1]-hospital-relatedword2,[Field-1]-hospital-relatedword3,[Field-1]-dulce-relatedword1,[Field-1]-dulce-relatedword2,[Field-1]-dulce-relatedword3,[Field-1]-mujer-relatedword1,[Field-1]-mujer-relatedword2,[Field-1]-mujer-relatedword3,[Field-1]-ropa-relatedword1,[Field-1]-ropa-relatedword2,[Field-1]-ropa-relatedword3,[Field-1]-sucio-relatedword1,[Field-1]-sucio-relatedword2,[Field-1]-sucio-relatedword3,[Field-1]-viaje-relatedword1,[Field-1]-viaje-relatedword2,[Field-1]-viaje-relatedword3,Forthisquestiontypethewordbananainthethreeboxes.-relatedword1,Forthisquestiontypethewordbananainthethreeboxes.-relatedword2,Forthisquestiontypethewordbananainthethreeboxes.-relatedword3,[Field-1]-alcohol-relatedword1,[Field-1]-alcohol-relatedword2,[Field-1]-alcohol-relatedword3,[Field-1]-art-relatedword1,[Field-1]-art-relatedword2,[Field-1]-art-relatedword3,[Field-1]-broom-relatedword1,[Field-1]-broom-relatedword2,[Field-1]-broom-relatedword3,[Field-1]-doctor-relatedword1,[Field-1]-doctor-relatedword2,[Field-1]-doctor-relatedword3,[Field-1]-apartment-relatedword1,[Field-1]-apartment-relatedword2,[Field-1]-apartment-relatedword3,[Field-1]-fun-relatedword1,[Field-1]-fun-relatedword2,[Field-1]-fun-relatedword3,[Field-1]-garbage-relatedword1,[Field-1]-garbage-relatedword2,[Field-1]-garbage-relatedword3,[Field-1]-grocery-relatedword1,[Field-1]-grocery-relatedword2,[Field-1]-grocery-relatedword3,[Field-1]-wet-relatedword1,[Field-1]-wet-relatedword2,[Field-1]-wet-relatedword3,[Field-1]-beef-relatedword1,[Field-1]-beef-relatedword2,[Field-1]-beef-relatedword3,[Field-1]-sand-relatedword1,[Field-1]-sand-relatedword2,[Field-1]-sand-relatedword3,[Field-1]-reflection-relatedword1,[Field-1]-reflection-relatedword2,[Field-1]-reflection-relatedword3,[Field-1]-sport-relatedword1,[Field-1]-sport-relatedword2,[Field-1]-sport-relatedword3,[Field-1]-to_fly-relatedword1,[Field-1]-to_fly-relatedword2,[Field-1]-to_fly-relatedword3,[Field-1]-to_hurt-relatedword1,[Field-1]-to_hurt-relatedword2,[Field-1]-to_hurt-relatedword3,[Field-1]-winter-relatedword1,[Field-1]-winter-relatedword2,[Field-1]-winter-relatedword3,LangSpoken,Lang_0-5,Lang_6-12,Lang_13-18,Eng_classes,Eng_classes_time,Eng_classes_amount,Caregivers_speak_Eng,Eng_travel,Eng_country
sp101,Male,19,Yes,fresca,hielo,fria,dinero,financias,prestamo,ventana,dinero,gas,arroz,pollo,carne,room,bed,price,cama,sueno,noche,bench,sudor,musculo,soccer,pelota,goal,bed,doctor,medicine,chicle,chocolate,vanilla,senora,nina,persona,sucia,camiseta,pantalones,tierra,ropa,manos,vacaciones,avion,verano,banana,banana,banana,drunk,beer,wine,paint,artist,expression,sweep,clean,chore,medicine,rich,surgery,complex,landlord,rent,time,game,play,truck,man,disposal,store,vegetable,aisle,water,dish,pool,cow,meat,burger,pit,beach,dig,me,mirror,light,play,soccer,basketball,bird,airplane,hawk,pain,ouch,break,snow,cold,freeze,"Primarily spanish at home, English everywhere else. ",Spanish and English,Spanish and English,Spanish and English,Yes,All schoolwork,13,Yes,Yes,"United States, I live here. "
sp102,Female,23,Yes,fresca ,hielo ,botella ,dinero ,persona ,cheque ,grande ,pequeño ,asiento ,fresa ,aguacate ,pan,cama ,jabón ,aire ,cama ,acostar ,cobija ,pelota ,correr ,tenis ,pelota ,televisión ,estadio ,sangre ,corazón ,doctor,chamoy,chocolate ,dientes,madre ,hermana ,maquillaje ,camisa ,pantalones ,vestido ,polvo ,basura ,tierra ,caro ,avión ,playa ,banana ,banana ,banana ,rum ,tropical ,tequila ,artist ,paint ,brush ,witch ,clean ,flying ,hospital ,surgery ,blood ,home ,bed ,kitchen ,mall ,movies ,television ,gross ,smelly ,waste ,vegetables ,ice cream ,meat ,water ,slip,sea ,cow ,burger,tacos ,weird ,small ,gross ,mulan ,me ,image ,soccer ,tennis ,olympics ,plane ,bird ,superhero ,slap ,hit ,mean ,christmas ,sweaters ,snow ,english and spanish ,both ,both,both ,No,,,Yes,Yes,america 
sp103,Female,24,Yes,Saludable ,Refrescante,Fria ,Dinero,Cheque ,Depósito ,Viaje,Gasolina,Manejar ,Sushi,Gastronomía ,Chef ,Cuartos,Viaje,Descansar ,Soñar ,Noche,Cama,Saludable,Correr,Bicicleta ,Balón ,Deporte,Activo ,Grande,Emergencia ,Gravedad ,Paleta,Gomitas,Azúcar ,Tacones ,Vestido ,Falda ,Camisa,Pantalón ,Armario ,Tierra ,Oscuro ,Incómodo ,Avión ,Pasaporte ,Dinero ,Banana,Banana,Banana ,Hangover,Beer,Tequila,Easel ,Painting ,Music ,Mop,Dirt,Chore,Medication,Clinic,Insurance,Home,Independent,Rent,Laughter,Joy,Energy ,Trash,Smelly ,Landfill ,Bag,Apple,Milk ,Water ,Slippery,Caution ,Pork,Tacos,Cow,Beach ,Castle ,Silica ,Mirror,Window,Glass ,Soccer,Football,Basketball ,Plane,Bird,Wind,Heartbreak,Injured ,Sad,Snow,Cold,December ,Spanish English ,Spanish,Spanish,Spanish ,Yes,"Elementary school, high school",Unsure,No,No,
sp104,Male,27,Yes,tomar,hidratar,ielo,dinero,tarjeta,credito,gasolina,llanta,manejar,comer,cena,desalluno,dormir,vacacion,pisina,cama,sueño,relajar,brincar,correr,nadar,pelota,equipo,jugar,enfermo,doctor,daño,pastel,dona,chocolate,novia,bella,amor,camica,pantalon,zapato,baño,asco,feo,vacacion,avion,relajar,banana,banana,banana,drink,vodka,tequila,fancy,museum,van gogh,sweep,magic,dust,sick,health,hospital,rent,expensive,live,living,real world,paramore,trash,dirty,nasty,food,milk,egg,wild,water,swim,cow,pig,chicken,coarse,rough,hate,mulan,girl,mirror,soccer,football,basketball,plane,sky,power,pain,grief,sorrow,cold,coming,snow,english and spanish,Spanish and English,Spanish and English,Spanish and English,Yes,All my life,12,No,No,
sp105,Male,25,Yes,water,ocean,river,bank,money,dinero,car,driving,,food,pizza,hamburger,cuarto,room,vacation,sleep,sueno,tired,correr,jugar,weight lifting,soccer,messi,ronaldo,injury,sick,muerte,candy,sweet,pan,girl,woman,nina,clothes,shirt,pants,dirty,cochino,puerco,travel,trip,salir,banana,banana,banana,drunk,beer,wine,strange,abstract,mona lisa,sweep,clean,dirty,sick,death ,smart,rent,home,living,happy,laughing,joy,trash,smelly,dirty,shopping,store,food,water,slippery,cold,cow,food,hamburger,beach,rough,coarse,mirror,water,similar,basketball,mma,boxing,bird,airplane,bat,kill,blood,pain,cold,slow,lake tahoe,"spanish, english","spanish, english","spanish, english","spanish, english",Yes,elementary school,3 years,Yes,Yes,I live in the USA... 
sp106,Female,25,Yes,mar,oceano,piscina,dinero,cheque,plata,auto,licencia,ruedas,cilantro,empanadas,picante,cama,playa,piso,cama,ojos,descanso,abdominales,gimnasio,pesas,hinchas,estadio,selección,enfermeras,doctores,pacientes,caramelo,chocolate,azucar,hombre,relación,belleza,tienda,lavadora,secadora,piso,limpio,debéres,avión,pasaje,maleta,banana,banana,banana,drink,alcoholic,mixer,gallery,museum,artist,dustpan,clean,kitchen,nurse,chart,patient,floor,balcony,rent,beach,sunny,warm,can,trash,food,store,fruits,veggies,water,diaper,clean,roast,cow,food,beach,ocean,castle,mirror,lake,Mulan,football,soccer,ball,plane,bird,free,bandaid,injury,sad,snow,cold,snowflake,"Spanish, English","Spanish, English","Spanish, English","Spanish, English",No,,,Yes,No,
sp107,Male,27,Yes,fria,mar,mojado,dinero,cuenta,prestamo,vehiculo,viajar,transportar,comer,consumir,compra,dormir,viaje,rentar,relajar,soniar,descansar,esfuerso,sudar,energia,Americano,Mundial,Campeon,doctor,enfermero,enfermedad,sabor,tienda,abuela,hombre,flaca,rubia,desnudar,comprar,vieja,limpia,trapo,cervilleta,lejo,carro,afuerra,banana,banana,banana,drink,fun,hot dog,Basquit,Moffet,class,sweep,clean,tidy,quack,hack,ghetto,room,live,trash,enjoyable,drugs,girls,hot,rot,ganges,shop,food,lines,moist,change,gross,meat,fish,where's,hate,rough,coarse,mirror,same,opposite,wii,football,soccer,jump,plane,fall,pain,wound,inflict,cold,fall,spring,English and Spanish,spanish,spanish,English and Spanish,No,,,Yes,No,
sp108,Female,31,Yes,Bebida,Café,Jugo,Dinero,Cliente,Institución,Coche,Autobús,Avión,Bebida,Almuerzo,Delicioso,Motel,Inn,Travel,Almohada,Cama,Sábana,Deporte,Correr,Yoga,Deporte,Gol,Pelota,Emergency,Doctor,Nurse,Chocolate,Caramelo,Azúcar,Chica,Niña,Señora,Camisa,Blusa,Pantalón,Feo,Ciudad,Lomo,Avión,Boleto,País,Banana,Banana,Banana,Wine,Beer,Liquor,Painting,Sculpture,Drawing,Mop,Dustpan,Sweep,Nurse,Stethoscope,Clinic,Flat,Rent,Landlord,Excitement,Happy,Adventure,Trash,Waste,Litter,Food,Shopping,Produce,Water,Rain,Shower,Meat,Chicken,Steak,Beach,Summer,Ocean,Mirror,Contemplation,Water,Soccer,Football,Tennis,Bird,Plane,Wings,Bleed,Cut,Bandage,Snow,Ice,Coat,English and Spanish,"Spanish, English","Spanish, English","Spanish, English",No,,,Yes,Yes,United States - I live there
sp109,Female,21,Yes,azul,lago,oceano,dinero,trabajo,cheque,coche,manejar,carretera,fruta,verdura,lonche,cuarto,dormir,alberca,cama,noche,despertar,correr,peso,calorias,pelota,portero,estadio,doctor,paciente,cama,sabroso,fruta,comida,senora,mama,hombre,blusa,camisa,pantalon ,mugroso,banar,feo,avion,pais,vacacion,banana,banana,banana,drink,liquor,wine,pencil,paint,canvas,sweep,witch,clean,pacient,hospital,office,floors,units,home,happy,joy,laugh,dirty,smelly,trash,food,shop,store,rain,water,damp,meat,cow,food,ocean,beach,water,mirror,water,see,soccer,football,babeball,plane,bird,high,sad,pain,harm,snow,holidays,cold,"English, Spanish","Spanish, English","Spanish, English","Spanish, English",No,,,No,Yes,n/a
sp110,Female,27,Yes,fresca,caliente,fria,dinero,cuenta,trabajo,velocidad,manejar,chiquito,frijoles,torta,burrito,playa,viaje,dormir,cansado,despertar,cama,correr,caminar,nadar,juego,pelota,diversion,enfermo,muerte,doctor,pinata,fiesta,delicioso,fuerte,mama,hija,blusa,pantalon,zapatos,tierra,agua,bano,playa,hotel,avion,banana,banana,banana,margarita,mimosa,party,colorful,gallery,fun,clean,mop,dirty,office,work,check up,home,tall,crowded,beach,summer,pool,stinks,dirty,trash,food,store,bags,pool,summer,beach,cow,food,delicious,beach,ocean,vacation,mirror,bathroom,shiny,soccer,ball,football,plane,bird,ladybug,pain,ouch,injury,cold,snow,christmas,Spanish and English,2,2,2,No,,,Yes,No,
sp111,Female,34,Yes,Vida,Hielo,Bebe,Dinero,Deposito,Retiro,Coche,Auto,Movil,Huevos,Arroz,Frijoles,Restarante,Piscina,Servicio de cuarto,Noche,Casa,Cama,Gymnasio,Pesos,Caminar,Pelota,Cancha,Gramilla,Doctor,Medicine,Infermera,Chocolate,Confete,Helados,Hombre,Inteligente,Hermosa,Camiseta,Vestimenta,Pantalone,Disorden,Dusgusto,Malolente,Maleta,Avion,Barco,Banana,Banana,Banana,Beer,Whiskey,Vodka,Painting,Museum,Sculpture,Cleaning,Dirty,Mop,Nurse,Medicine,Appointment,Condo,Building,Studio,Friends,Outdoor,BBQ,Trash,Waste,Junk,Food,Toilet paper,Eggs,Water,Slippery,Rain,Steak,Burger,Jerky,Beach,Playground,River,Mirror,Lake,Glass,Golf,Baseball,Soccer,Airplane,Bird,Bee,Destroy,Aggravate,Punish,Snow,Cold,Ice,"Spanish, English",Spanish,Spanish,Spanish,Yes,High school,4,Yes,Yes,USA. 4 years
sp112,Female,19,Yes,lago,pes,fresca,dinero,efectivo, domingo, ruedas,calle, velocidad,comer,sostenimiento,bocadillo,vacación,cama,cuarto,noche, almohada,cama, actividad,trabajo,física,americano,pelota,deporte,medicina,pacientes, enfermedad,caramelo,azúcar,bombón,hombre,niña,humano,camisa,traje,vestido,limpio,limpiar,cochino,vacación,playa,verano,banana,banana,banana,beer,wine,liquor,painting,music,forms,vaccuum,cleaning,dust,medicine,hospital,healing,city,home,square,excitement,adrenaline,smile,trash,bin,dirty,food,shopping,store,moist,water,dewy,food,meat,cow,beach,grainy,sediment,mirror,metallic,duplicity,soccer,football,tennis,plane,bird,sky,pain,aching,pierce,cold,season,snow,english and spanish,2,2,2,No,,,Yes,Yes,I live in an English speaking country
sp113,Female,24,Yes,tomar,fresca,fria,dinero,cajera,salvar,dinero,gasolina,rojo,arroz,carne,pollo,viaje,dormir,cansado,mucho,cansado,tarde,cansada,correr,caminar,aburrido,comida,gente,enfermo,muerte,medicina,chocolate,paleta,pastel,bonita,buena,mama,carra,pantalones,tienda,limpiar,barrer,trapiar,autobus,largo,carretera,banana,banana,banana,drink,wasted,night,draw,paint,sculpt ,sweep,witch,long,sick,nurse,check up,building,complex,people,play,watch,read,can,man,collect,bags,food,shopping,cold,soaked,clean,cow,meat,tacos,beach,castle,crabs,mirror,you,look,basketball,soccer,football,soar,high,up,bleed,cut,fall,cold,snow,ice,spanish and english,spanish,spanish and english,both,No,,,No,No,
sp114,Female,21,Yes,beber,botella,clara,dinero,cajera,prestamo,coche,rojo,rapido,restaurante,dinero,familia,viaje,visita,boleto,sueno,cama,almohada,gimnasio,correr,zapatos,deportes,pelota,correr,vacuna,enfermo,tos,chocolate,caramelo,golosina,mama,femenina,rosa,anillo,pulsera,collar,germenes,bacterias,manchado,avion,ropa,zapatos,banana,banana,banana,beer,party ,friends,painting ,drawing,makeup ,cleaning ,dirt,supplies,hospital,sick,endoscopy ,house,money ,view,jumping ,exercise,reading ,dumpster ,paper,recycle,shopping,vegetable,food,rain ,water,ocean ,meat,food,dining ,beach ,ocean ,crabs,mirror,meditation ,impression ,soccer,football,golf,airplane,swing,parachute,sad,emotions,crying,season ,cold,snowman ,"spanish, english, french ",spanish,"english, spanish","spanish, english, french",Yes,elementary school,12,Yes,Yes,United States
sp115,Male,25,Yes,botella,mar,lluvia,dinero,estafa,edificio,rojo,ferrari,lujo,hamburgesa,hambre,delicioso,piscina,dormitorio,comida,cama,sueno,descansar,pesas,sudor,cansansio,pelota,copa mundial,messi,enfermos,muertes,doctores,chocolate,gomas,cavidad,bella,madre,esposa,camiseta,pantalon,ropa de marca,soquete,pantalon,banera,relajar,playa,dinero,banana,banana,banana,drunk,sober,bar,elegant,expensive,unique,clean,sweep,witch,apple,white coat,sick,apartment building,costly,rowdy ,happy,enjoyable,smile,trash can,crumbled paper,smelly,fruit,vegetables,grocery bag,soggy,moist,humid,cow,meat,juicy,glass,beach,scratchy,mirror,doubt,gloomy,soccer,football,basketball,bird,high spirit,gloomy,harmful,burn,paper cut,cold,snow,white,English and Spanish,English and Spanish,English and Spanish,English and Spanish,Yes,"Elementary, middle school, high school, college",12,No,No,
sp116,Male,20,Yes,sed,refrescante,rica,silla,chiquito,grande,rapido,chiquito,electrico,carne,pollo,rica,cama,casa,satisfactorio,cansado,sueños,descansar,caliente,cansado,pesado,pies,cancha,portero ,doctor,enfermera,medicina,caramelo,chocolate,canela,dama,bonita,cariñosa,pantalones,camisa,blousa,cochino,basura,baño,de lujo,barato,paradiso,banana,banana,banana,bad,harmful,uncanny,pretty,amazing,interesting,clean,useful,helpful,kind,caring,helpful,house,comfortable,small,relaxing,play,outdoors,trash,bin,disgusting,carrots,apples,avocados,water,surface,unexpected,meat,steak,tbone,fun,grainy,hot,mirror,similar,different,soccer,basketball,football,fun,interesting,awesome,harm,unmoral,unethical,cold,freezing,fun,"English, Spanish",1,1,1,Yes,Elementary ,1,Yes,Yes,"United States, I live here now"
sp117,Female,19,Yes,Rio,Lago,piscina,Dinero,Préstamo,Depósito,Viaje,Automovil,Carretera,Desayuno,Postre,Enchiladas,Cuarto,Cama,Elevador,Cansado,Cama,Almohada,Sudor,Metal,Pesas,Pelota,Pasto,Equipo,Doctora,Enfermera,Enfermedad,Chocolate,Pegostioso,Pastel,Belleza,Niña,Valiente,Blusa,Vestido,Camisa,Lodo,Tierra,Sangre,Carro,Carretera,Diversión,banana,banana,banana,Wine,Drunk,Drink,Paint,Draw,Skill,Mop,Clean,Floor,Nurse,Hospital,School,Rent,Building,Neighbor,Trip,Dance,Music,Trash,Waste,Bin,Store,Vegetable,Food,Cold,Damp,Water,Meat,Meal,Food,Beach,Water,Ocean,Mirror,Glass,Face,Soccer,Ball,Team,Soar,Sky,Jump,Pain,Regret,Mean,Cold,Snow,Chill,"Spanish, english","Spanish, english","Spanish, english","Spanish, english",Yes,"Elementary, middle and high school",10 years,Yes,Yes,USA
sp118,Female,21,Yes,beber,leche,soda,dinero,pagar,persona,coche,dinero,azul,platano,manzana,pescado,cuarto,dinero,cama,cama,sueno,roncando,nadar,futbol,cansado,basketbol,futbol americano,correr,rojo,medicina,doctora,pan,agua,beber,persona,hombre,nino,camisa,calcetas,nadar,dinero,limpia,fabuloso,viejo,nina,abuelo,banana,banana,banana,drink,shots,tequilla,paint,color,tie dye,sweep,mop,witch,medicine,shots,vaccine,house,family,men,boring,cake,present,throw,smelly,raccoon,sweet,sour,classes,swim,sweat,shower,roast,ham,chicken,beach,sea,otter,disney,mirror,women,volleyball,soccer,basketball,plane,fruit,apple,men,women,kid,summer,snow,denver,english,spanish,english,english,No,,,Yes,No,
sp119,Male,21,Yes,Frío,caliente,Tibia,Dinero,seguridad,Tarjeta,llantas,Sillas,Gasolinera,Hambre,Enchiladas,Delicioso,Bonita,Cama,Alberca,Sueño,Cama,Cobija,correr,Peso,afuera,balón,Americano,Messi,Clínica,doctor,enfermera,Chocolate,Chamoy,Azúcar,Hombre,Niña,Niño,Sucia,Pantalón,Camisa,cochino,Trastes,limpiar,Avión,Miami,Verano,banana,banana,banana,Beer,Wine,Tequila,Watercolor,Graffiti ,Dancing,Sweep,Dust pan,Mop,Nurse ,Hospital ,Medical,Hotel,Small,Private,Outgoing,Exciting,Stimulating ,Trash,Dump,My ex,Food,Store,Essential ,Moist,Water,Soaked,Meat,Beyond,Chicken,Dirt,Beach ,Shells,Mirror,Self,Glass ,Soccer,Football,Baseball,Soar,Fall,Glide,Harm,Murder,Tickle,Summer,Cold,Snow,"English, spanish, french",Spanish,Spanish,Spanish,Yes,Middle school,7 years,No,Yes,The US and Canada 
sp120,Female,19,Yes,Refrescante ,Bolsa,Fresca,Dinero,Interes,Deuda ,Auto,Coche,Asiento ,Arroz,Carne ,Frijoles,Cama,Desayuno,Caro,Cama,Cuarto,Cobija ,Correr,Caminar,Sudar,Televisión ,Aburrido ,Messi ,Doctora,Enfermero ,Laboratorio ,Chocolate,Dulce de leche ,Alfajor,Mama,Abuela,Tia,Vestido ,Camisa,Falda,Barrer,Limpiar,Trapear ,Avion,Maleta,Tren ,Banana,Banana,Banana,Bad,Cirrhosis ,Gout,Da Vinci ,Picasso,OKeefe,Clean,Mop,Dirt,Nurse,Medicine ,Meds,Small,Expensive,Claustrophobic ,Switch ,Scrabble ,Phone ,Can,Collector,Smelly,Shopping,Chips ,Store,Water,Uncomfortable,Sweat,Stroganoff ,Meatball,Tacos,Beach,Ocean,Castle ,Mirror ,Mulan ,Self,Soccer,Football,Golf ,Airplane ,Pilot,Stewardness,Bandaid,Nurse,Blood,Snowflake,White,Icy blue,Spanish + English ,Spanish,"Spanish, English ","Spanish, English ",No,,,Yes,Yes,USA whole life
sp121,Female,26,Yes,fresco,claro,bebida,dinero,gente,puertas,coche,viaje,puertas,refrescos,caldos,carne,invitacion,puertas,camas,cama,cobija,almohada,gymnasio,ropa,zapatos,jugadores,gol,equipo,enfermos,enfermeras,doctores,mazapan,pinata,ninos,cabello,madre,bonita,camisa,pantalones,ropa interior,tierra,manchadas,basura,vacaciones,avion,feliz,banana,banana,banana,hard seltzers,liquor ,beer,paintings,museums,drawings,sweeping,mop,cleaning,helpful,patient,hospital,place,condo,small,vacation,friends,beach,trash,dumpster,gross,food,people,building,rain,soaked,drenched,meat,cow,tasty,sandbox,beach,kids,mirror,meditation,peace,basketball,soccer,football,free,airplane,bird,pain,sad,upset,cold,dark,icy,Spanish and English,Spanish,Spanish,Spanish,No,,,Yes,No,
sp122,Male,31,Yes,Beber,Limpiar,Bañar,Dinero,Banquero,Prestamo,Trabajo,Viaje,Carcacha,Sostener,Familia,Lleno,Viaje,Trabajo,Conferencia,Sueño,Cama,Recuperar,Trabajar,Esforzar,Sudar ,Pelota,Estadio ,Passion,Enfermera,Doctor,Dinero,Rico,Sabroso,Dentista,Señora,Esposa,Persona,Salir,Vestido,Lujo,Limpiar,Recoger,Tirar,Lejos,Manejar ,Empacar,Banana,Banana,Banana,Drink,Party,Brew,Paint,Sculpture,Draw,Sweep,Clean,Company,Pain,Money,Hospital,Home,Temporary,Small,Trip,Games,Laugh,Disgusting,Trash,Plastic,Food,Store,Supplies,Shower,Pool,Rain,Food,Eat,Animal,Course,Rough,Everywhere,Water,Mirror,Glass,Soccer,Stadium,Games,Plane,Birds,Air,Pain,Suffering,Unhappy,Cold,Snow,Coco,"English, Spanish","Spanish, English","Spanish, English","Spanish, English",No,,,Yes,No,
sp123,Female,26,Yes,tomar,vaso,mar,dinero,prestamos,lineas,vehicolo ,trabajo,gas,comer,cena,cocina,hotelero,cuarto,viaje,sueno,cobijas,roncar,mover,pesos,sudar,esporte,bola,equipo,enfermo,sufriendo,medicina,miel,chocolate,gustos,amor,bonita,hija,brusa,pantalon,calson,asco,puerco,cochino,viajando ,pais,volar,banana,banana,banana,enough,gross,dance,paint,draw,love,witch,clean,sneaky,nurse,hospital,gloves,dreaming,home,new,joy,spontaneous ,cool,dirty,used,trash,food,annoying,lines,funny,water,joke,meat,jerky,nice,paper,beach,clip,mirror,self,hard,football,fun,soccer,flies,excited,traveling,why,same,ouch,land,summer,snooze,"spanish, english",spanish,spanish/english,spanish/english,Yes,"elementary, middle/high school, college, university",20 yrs,Yes,Yes,"united states, 26 years"
sp124,Female,21,Yes,tomar,bebida,botella,dinero,débito ,crédito,automóvil,vehículo,transporte ,bebida,carne,arroz,motel,alberca,recepcionista ,sueño,descansar,soñar,sudor,correr,brincar,pelota,uniforme,jugador,enfermedad,enfermeras,doctores,azúcar ,paleta,chocolate,femenina,señora,niña,camisa,pantalones,suéter ,mugre,cerdo,cochino,paisaje ,aventura,vacaciones ,fruit,yellow,potassium,addiction,drink,intoxication,beauty ,crayons,colors,mop,cleaning,duster,heal,nurses,vaccines,motel,hotel,holiday inn,playing,happy,joy ,disposal,stinky,bag,shopping,food,vegetables,water,ocean,river,cow,ramen,meat,castle,beach,sun,oneself,conscience,beauty,sweat,ball,exercise,free,air,bird,vengeance ,evil,villain,cold,snowflakes,snow,"english, spanish ",spanish,spanish,spanish & english,Yes,high school and college,11 years,No,No,
sp125,Male,20,Yes,potable,piscina,playa,dinero,choro,deposito,ruedas,puerta,ventana,picarones,anticucho,papa,cama,comida,ducha,suenos,cama,almuada,correr,zapatos,saltar,pelota,jugador,golazo,enfermo,cama,visitas,rico,azucar,manjar,maquillaje,vestido,cartera,polo,pantalones,boxers,tierra,apestoso,limpiar,maleta,avion,gastos,banana,banana,banana,drunk,poisoning,abuse,painting,drawing,canvas,handle,witch,sweep,apples,psychiatrist,therapist,complex,building,lease,park,games,friends,man,waste,dispose,store,shopping,aisle,water,shower,pool,ground,cow,hamburger,castle,beach,glass,mirror,water,spoon,ball,jersey,running,plane,biplane,bird,injure,offend,stab,harsh,famine,cold,"English, spanish","English, spanish","English, spanish","English, spanish",Yes,high school,the required amount for graduation,Yes,Yes,"United States, i live there now"
sp126,Male,22,Yes,liquido,claro,humedo,sentarse,comodo,alto,comodo,util,necesario,deliciosa ,caliente,abundante,relax,vacaciones,familia,descansar,relax,necesario,importante,saludable,rutina,diversion,alegria,distraccion,enfermedad,curacion,necesario,azucar,postre,cake,bella,agradable,trabajadora,necesaria ,importante,linda,desagradable,huele mal,basura,distraccion,relax,esparcimiento,amarillo,saludable,banana,bad,addiction,disease,intelectual,museum,Paris,clean,necessary,house,smart,intelligent,physician,place ,relax,family,happy,distraction,vacation,smells bad,container,black bags,food,fruits,vegetables,humid,water,annoying,food,delicious,red,beach,white,relax,meditation,thought,thinking,relax,important,exercise,vacation,relax,airplane,injure,damage,wound,cold,jacket,snow,English and Spanish,Spanish,English,English,Yes,school,18 years,Yes,Yes,I was born in the USA
sp127,Female,32,Yes,sed,tomar,vaso,dinero,cheques,fila,automovil,tren,viajar,comer,almuerzo,desayuno,dormir,cama,puerta,cama,cobija,sueno,salud,fisico,pesas,pelota,correr,patear,enfermo,doctor,medicamento,leche,pastel,fiesta,hombre,nina,rosado,camisa,pantalones,medias,limpiar,bano,recojer,volar,lejos,gozar,banana,banana,banana,drink,imbibe,glass,drawing,painting,visual,sweep,clean,mop,nurse,hospital,bed,house,abode,residence,games,laughing,playing,trash,dispose,junk,store,shopping,produce,water,soaked,wash,meat,pork,chicken,beach,soil,dirt,mirror,image,photo,football,soccer,play,glide,soar,air,wound,injure,pain,summer,spring,fall,"English, Spanish, French","Spanish, English","English, Spanish","English, Spanish, French",No,,,Yes,Yes,United States; I have lived here since I was 2 so 30 years
sp128,Female,19,No,tomar,frio,mojado,dinero,trabajo,carta,manejar,rueda,dormir,pizza,arroz,torta,cama,piscina,descanso,sueno,cama,cobija,correr,caminar,fatigado,television,juego,jugadores,fiebre,enfermo,trabajadores,torta,chocolate,bunuelo,vestido,bonita,cartera,pantalones,camisa,sueter,tierra,mancha,polvo,avion,carro,bus,banana,banana,banana,drink,tipsy,party,painting,drawing,music,clean,dust,floor,sick,ill,help,elevator,stairs,home,game,computer,friends,trashcan,trash,dirty,apple,bag,cart,water,drink,thirsty,meal,knife,eat,beach,water,sandcastle,mirror,double,glass,football,audience,game,plane,wings,air,pain,sad,malicious,cold,freeze,ice,"Spanish, English","Spanish, English","Spanish, English","Spanish, English",Yes,High school,4 years,Yes,No,
sp129,Female,22,Yes,hidratacion,sed,bebida,dinero,credito,debito,motor,gasolina,viaje,desayuno,almuerzo,cena,viaje,servicio,aventura,cama,noche,siesta,sudor,calorias,musculos,pelota,trofeo,deporte,enfermedades,dolor,dinero,caramelo,postre,chocolate,femenina,menstruacion,bebes,blusa,pantalones,medias,desorganizado,desagradable,basura,aeropuerto,vacaciones,maleta,banana,banana,banana,drink,intoxication,drunk,imagination,creativity,perception,clean,upkeep,organization,medicine,health,wellness,complex,rent,lease,adventure,engaging,travel,trash,used,gross,shopping,food,necessities,water,moist,damp,disagreement,cow,burger,castle,beach,ocean,mirror,looks,light,soccer,baseball,basketball,airplane,jetpack,travel,pain,injury,damage,cold,snow,jackets,"Spanish, English", Spanish,Spanish,Spanish,No,,,No,No,
sp130,Female,33,Yes,tomar,vaso,refrescante,dinero,seguro,ahorros,auto,viajar,conducir,plato,cena,hambre,viaje,vacación,dormir,cama,noche,cansada,peso,cansada,dificil ,juego,cancha,sábado,enfermo,doctor,enfermera,engordante,rico,frascos,hombre,niña,persona,camisa,pantalones,zapatos ,piso,barro,limpio,avion,auto,tren,banana,banana,banana,drinks,cocktail,beer,work,painting,museum,witch,clean,sweep,nurse,hospital,health,house,home,life,happy,amusement,joy,gross,dirty,trash,store,food,shopping,water,damp,moist,cow,food,meat,dirt,beach,ocean,pond,water,serene,football,basketball,baseball,travel,airplane,vacation ,angry,pain,mean,cold,summer,fall,"english, Spanish, French ",Spanish,"Spanish, english","Spanish, english",Yes,all through school,12,Yes,Yes,US
sp131,Female,23,Yes,oceano,rio,lago,dinero,depositar,cajero automático,llantas,timón,llaves,palto,tenedor,cuchillo,llaves,reservación,habitación,cama,almonhada,sabanas,sudor,pesos,correr,cancha,el gol,pelota,vendaje,termómetro,cama de hospital,galleta,pasteles,bizcocho,cartera,vestido,tacones,camisa,pantalones,vestido,cochino,feo,reguero,avión,maleta,boleto,banana,banana,banana,drink,proof,patron,paint,cnavas,color,dirt,clean,dust pan,bandaid,sick,check out,couch,window ,kitchen,happy,parks ,play,sinky,dirty,trash can,bag,food,check out,water,cup,ice,cow ,grill,milk,box,beach,volleyball ,mirror ,pond ,silver,ball,shoes,train,airplane,country,travel,violent,threat,punch,cold,jacket,pants,english and spanish,spanish and english,spanish and english,spanish and english,Yes,high school,4 years,Yes,No,
sp132,Male,18,Yes,Sed,Divertido,refrescante,Dinero,Metal,Guardia,Auto ,troka,Caro,Sustento,Caliente ,Delicioso,Casa,Sala,Habitacion,Acostar,Sonar,Levantar,Sudor,Peso,Musculo,Deporte,Pelota,Llorando,Medico,medicina,Ayuda,Azucar,Chocolate,Tamarindo ,Madre,Humano,Persona,Limpio,Sucio, detergente,Tierra,Polvo,Pegajoso,Mexico,Avion,Carro,banana,banana,banana,Drug,Poison,Fun,Creative,Expressive,Diverse,Clean,Witch,Sweep,Medicine,Help,Educated,Home,Shared,Small,Entertaiment,Socialization ,Expiriences,Trash,Smelly,Salvage,Store,Convenience  ,Food,Dry,Damp,Moist,Cow,Steak,Animal,Coarse,Grains,Glass,Mirror,Examination,Light,Tiring,Entertaining,Physical,Soar,Glide,Birds,pain,emotions,Bleed,Comfy,Cold,Rainy,"English, Spanish",Spanish,English and Spanish,English and Spanish ,Yes,middle school and high school ,7,Yes,No,
sp133,Male,25,Yes,refresco,tomada,frio,dinero,cuenta,depositar,rapido,gasolina,llantas,plato,tenedor,cuchara,relajar,servicio,cama,sueno,cama,almohada,musculos,sudor,cansado,divertido,deporte,pelota,enfermo,delicado,afectado,delicioso,caramelo,fruta,nina,hermana,madre,limpia,mojada,sucia,cochino,asqueroso,embarrado,visita,paseo,vuelo,banana,banana,banana,drunk,poisoning,hangover,drawing,color,utensils,cleaning,sweeping,trash,appointment,sick,emergency,home,complex,neighbors,happy,laughter,energetic,trash,gross,smelly,list,food,store,water,liquid,moist,stew,burger,steak,beach,quicksand,wet,mirror,glass ,image,practice,game,teams,wings,wind,ballon,punch,pain,damage,cold,snow,coat,English Spanish,2,,,Yes,high school,8,Yes,Yes,Canada 6 months
sp134,Female,21,Yes,nadar,beber,lavar,dinero,estafa,préstamo,viaje,gasolina,dinero,comer,cocinar,dinero,dinero,viaje,dormir,sueño,cama,ronquido,salud,fuerte,correr,bola,correr ,televisión,enfermo,médico,enfermera,cavidad,golosina,dinero,hermosa ,bebé,cueva,dinero,diseñador,pantalones,maloliente,perezoso,feo ,manejar,dinero,aviones,banana,banana,banana,party,drunk,money,painting,picture,artist,sweep,floor,clean,hospital,sick,surgery,sleep,live,house,party,happy,smiling,smell,dirty,trash can ,food,money,store,rain,shower,pool,eat,cook,cow,beach,desert,hot,mirror,face,self,football,baseball,basketball ,wings,airplane,heights,cry,pain,scar,snow,cold,rain ,spanish and english,spanish,english,english,No,,,Yes,No,
sp135,Female,20,Yes,fresca,botella,baño,parque,dinero,prestamo,llanta,puerta,caro,rapida,tacos,cocina,trivago,vacation,flight,cama,cobija,noche,sudor,correr,gymnasio,deporte,liga mx,pelota,emergency,doctor,patients,jugo,tienda,paleta,vestido,zapatillas,bonita,sucia,tienda,vestir,lavar,piso,manos,aeropuerto,familia,dinero,banana,banana,banana,drinks,party,friends,painting,canvas,paint,sweep,house,floor,pain,sickness,clinic,rooms,roommate,neighbor,play,friends,sun,trash,dispose,smelly,shopping cart,vegetables,cashier,rain,paper,dog,tacos,meat,butcher,beach,toes,sun,mirror,glass,shiny,play,kids,soccer,airplane,wind,height,knees,heart,pain,cold,snow,christmas,"English, Spanish",spanish,"English, Spanish","English, Spanish",No,,,No,No,
sp136,Male,33,Yes,vida,tomar,banarte,dinero,moneda,cuentas,bolante,troca,gasolina,enchiladas,tacos,sopes,dormir,viajar,cama,ojos,sonar,cama,macqina,fuerza,brincar,television,balon,juego,enfermo,muerte,doctor,dentista,chocolate,dulceria,sexo,pelo,tetas,sucia,lavar,calson,puerca,lodo,ropa,avion,mexico,cancun,banana,banana,banana,whiskey,tequila,vodka,paintings,music,piano,clean,duster,sweep,cure,visit,cancer,roof,rent,place,dance,exercise,sleep,odor,trash,pickup,food,drinks,shopping,pussy,water,salivating,stew,tacos,meat,castle,beach,sun,think,assessment,self worth,basket ball,baseball,soccer,plane,birds,turbulance ,pain,bleed,emotions,cold,chilli,freezing,spanish english ,spanish,spanish,english,No,,,No,Yes,us
sp137,Female,19,Yes,lago,playa,alberca,parque,dinero,ahorro,auto,coche,moto,tacos,pizza ,comer,descansar,vacacciones,dormir,cobija,almohada,sueno,pesas,sudor,caminar,balon,correr,patadas,ambulancia,enfermos,doctores,pan,azucar,fruta,vestido,maquillaje,mama,vestido,chanclas,pantalon,lodo,mancha,polvo,avion,maletas,vaccaciones,banana,banana,banana,drink,medicinal ,drunk,colorful,expressive,abstract,cleaning,cinderella,witch,nurse,hospital,dying,small,expensive,home,park,games,happy,disposal,dump,trash,store,shopping,food,swimming,water,lake,meat,fight,pork,beach ,desert,paper,mirror,water,myself,soccer,volleyball,football,witches,ghouls,planes,pain,anguish,blood,snow,white,cold,English and Spanish,spanish,Spanish and english,Spanish and english,Yes,Elementary,2 years,Yes,No,
sp138,Female,32,Yes,Fresca,De Jamaica ,Sed,Dinero,Plata,Narcos,Llanta,Coche,Tapete,Hambre,Abuelita ,Cuchara,Cancun,Playa,Cama,Cama,Sueño ,Alarma,Sudor,Bicicleta,Cansancio,Pelota,Pele,Brazil,Doctor ,Curita,Inyección ,Chicle,Chile,Tamarindo,Zapatilla,Pinta labios ,Vestido ,Terciopelo,Piel,Algodón ,Feo,Limpio,Pobre,Mar,Motocicleta ,Mochila,Banana,Banana,Banana,Drink ,Cocktail,Vodka,Pretentious,Miami,Louvre,Witch,Cleaning,Vacuum,Hospital,Bandage,Vaccine,Small,Cheap,House,Trip,Lottery,Brunch,Trash,Boyfriend,Junk,Bag,Amazon,Milk,Hair,Water ,Ocean,Problems,Conflict,Cow,Beach,Sahara,Camel ,Mirror,Pond,Mulan,Soccer,Football,Basketball,Plane,Bird,Superman,Painful,Psychopath,Gaslight,Cold,Snowflake,Chicago,"English, Spanish",Spanish,"English, Spanish","English,Spanish",Yes,Primary through high school,12,No,No,
sp139,Female,26,Yes,Mar,Bebida,Azul,Dinero,Cheque ,Depósitos ,Nuevo,Rojo,Rápido ,Rápida ,Casera,Deliciosa ,Cuarto,Costo,Pasillo,Roncando ,Sueño ,Despertar ,Aeróbico ,Correr ,Caminar ,Americano,Mexicano ,Soccer,Enfermedad ,Triste,Doctores ,Caramelo,Azúcar ,Rosa ,Fuerte,Inteligente ,Delicada ,Marcas,Nueva,Usada ,Mugre,Polvo,Basura ,Playa,Hotel,Avion,banana,banana,banana,Drinks,Sanitizer,Beverages,Creative,Fine,Performing,Cleaning,Witches,Sweeping,Hospital,Clinic,Sickness,Complex ,Number,Small,Party,Confetti ,Happy,Trash,Dumpster,Disposal ,Shopping,List,Produce,Water,Liquid,Soaking ,Food,Ravioles ,Cow,Beach,Grainy,Brown,Water,Mirror,Window,Vehicle,Soccer,Football,Plane,Bird,Sky,Someone,Yourself,Others,Cold,Snow,Frost,English and Spanish,Spanish,Spanish,English and Spanish,No,,,Yes,Yes,Live in the United States
sp140,Female,21,Yes,Mar,Lago,Lluvia ,Dinero,transferencia ,Efectivo,Vehiculo,Troka,Licencia ,Plato,Restaurantes ,Cocina ,Viajes,Vacaciones ,Cama,Suenos,Noche,Descansar ,Sudor,Calor,Aire,Pelota,Juego,Jugadores profesionales ,Enfermos,Muertes,Doctores ,Pasteles,Galletas,Cafe,Senora,Vestido,Nina,Vestido,Blusa,Pantalones,Limpiar,Cochino ,Arreglar ,Avion,Manejar,Vacaciones ,Banana,Banana,Banana,Drunk,Tequila,Barcadi,Artists,Music,Writers,Sweeping,Witches,Halloween ,Sickness,Clinic,Physical ,Small,Single,Space,Playing,games,Friends,Trash,Old,Used,Food,Supplies,Stores,Water,Pool,Rain,Cow,Cheeseburger,Steak,Beaches,Seashells,Families,Mirror,Past,Puddle,Football,Golf,Soccer,Airplane,Birds,Wings,Heartbroken ,Death,Cheating,Snow,Cold,Ice,English and Spanish,Spanish,Spanish and english,Spanish and english,Yes,Middle school through College,8 years,No,No,
sp141,Female,26,Yes,playa,mar,vacaciones,dinero,fraude,interesar,bicicleta,camino,viajar,arroz,pollo,pesos,california,avion,agua,cuarto,cama,ropas,correar,pesos,dieta,soccer,beisbol,pies,temperatura,enfermo,huesos,leche,caramelo,churros,hombre,nino,nina,boda,pantalones,piez,agua,sopa,jabon,avion,ropas,mar,banana,banana,banana,rum,whisky,drink,paint,piano,music,stick,flying,witch,nurse,coat,lab,rent,home,city,job,book,art,trash,take,box,store,food,pepper,water,sand,sea,cow,meat,industry,beach,toes,hot,water,mirror,myself,skates,ball,goal,plane,avion,sky,punish,blame,trouble,cold,snow,florida,English and Spanish,Spanish and English,"English primarily, but also Spanish","English primarily, but also Spanish",Yes,All throughout school,13 years,Yes,Yes,"USA, I live here"
sp142,Female,26,Yes,azul ,limpia ,beber ,dinero ,verde,govierno ,SUV ,transporte,carretera,rica,caliente,picosa ,viaje,dormir,cama ,sueño ,almohada,cobija ,fuerte ,músculo,musica ,pelota,grupo,equipo ,doctor,enfermeda ,jeringuilla,rico ,engordar ,tamarindo ,bonita,pelo ,vestido ,camiseta,vestido,zapato ,platos ,tierra,baño,fatigoso ,vuelo ,aeropuerto ,banana,banana,banana,drink,drunk,cocktail ,music,dance,sculpture,cleaning,sweeping,floor,nurse,needle,hospital,expensive,room,home,festival,friends,socializing,dirty,smelly,truck,food,necessities ,essentials,water,slippery,moist,meat,food,red,beach,castle,ocean,emotional,awareness,thought,tennis,fun,strong,airplane,superman,sky,pain,emotional,physical,cold,snow,coat,"Spanish, English","Spanish, English","Spanish, English","Spanish, English",No,,,Yes,Yes,US
sp143,Female,26,Yes,lluvia,rio,mar,sentar,silla,dinero,llantas,gasolina,asguranza,plato,pollo,cuchara,cama,elevador,costo,siesta,cama,sueno,correr,gimnasio,calorias,pelota,gol,zacate,camilla,suero,inyeccion,paleta,bebida,nieve,falda,pelo,maquillaje,pantalon,camisa,calcetin,tierra,mal olor,negro,avion,carro,carretera,banana,banana,banana,drunk,party,fun,paint,unique,canvas,dust,chores,clean,medicine,cost,bloodwork,building,rent,landlord,laugh,smile,enjoy,dirty,smelly,bag,food,veggies,milk,water,hose,soak,cow,red,iron,beach,castle,shore,mirror ,think,write,run,ball,games,wings,air,float,kill,injure,pain,cold,snow,christmas,Spanish and English,spanish,spanish and english,spanish and english,Yes,elementary,2 years,No,Yes,Canada 3 months
sp144,Male,18,Yes,jugo,liquido,lago,dolores,credito,peso,automovil,manejar,estacionamiento,dulce,taco,frutas,noche,dormir,viaje,noches,cabecear,transponerse,correr,futbol,jugar,deportes,jugar,bola,clinica,ambulancia,doctor,leche,chamoy,leche,nina,mama,esposa,vestido,uniforme,ajuar,obsceno,immundo,cerdo,hotel,conduciendo,mexico,banana,banana,banana,depressed,drink,tired,paint,pencil,meaning,sweep,handle,mess,office,injury,sick,saving,live,pleasant,excite,run,hug,trash,rubbish,art,food,lettuce,milk,water,clothes,dog,cow,steak,meat,rocks,ocean,water,mirror,self,metal,football,run,soccer,planes,super,bird,injure,blood,bandaid,cold,snow,jacket,English and spanish,English and Spanish,English,English,Yes,Every year,12 years,Yes,Yes,United States for most of my life
sp145,Female,32,Yes,set ,Rio,Océano ,Dinero,Trabajo ,Inversiones ,Gasolina,Viaje,Silla,Cocina,Hambre,Manzana,Cama ,Viaja ,Familia,Cama,Almohada,Colcha,Sudor,Peso,Calor ,Soccer,Goal,Bolla,Enfermedad ,Doctor,Medicina,Helado,Postre,Bizcocho ,Mama,Bella ,Esposa,Suave,Cómodo ,Algodón ,Apestoso,Tierra,Fango,Carro,Bultos ,Divertido ,Banana,Banana,Banana,Sanitize ,Vodka,Margarita,Paint,Design,Drawing,Clean,Sweep,Dirty,Medicine ,Practice ,Sick ,Home,Small,Living,vacation ,Pool,Play,Dirty,Trash,Trash day ,Shopping,Food,Cooking,Water,Pool,Shower,Hamburger ,Spaghetti ,Cow,Beach ,Itchy,Castles,Mirror,Thoughtful ,Lake,Football,Soccer,Ball,Plane,Bird,Superman,Bandage ,Medicine,Pain,Cold ,Snow,Ice,English and Spanish ,Spanish ,Spanish and english,Spanish and English ,Yes,High school,6- but it was more like English writing not ESOL classes ,Yes,No,
sp146,Female,20,Yes,leche,oceano,playa,dinero,sorana,plaza,avion,gasolina,viajar,frijoles,pizza,dormir,cuarto,trivago,Las Vegas,acostar,sonar,descansar,sudar,basketball,corer ,futbol americano,bola,golaso,enfermedad,seguro social,medicina ,leche,pan,caramelo ,hombre,nina,nino,vestido,vestuaro ,limpia,tierra,bano,limpiar,avion,vacaciones,caro,banana,banana,banana,drugs,vodka,party,renaissance,museum,light academia,mop,floor,dust,dentist,pain,office,small,luxury ,home,happiness,joy,laughter,trash can,truck,dumpster,store,bag,produce,dry,dog,towel,meat ,drama,vegan,beach,pail,castle,mirror,thoughts,journal,basketball,run,volleyball,power,bird,plane,pain,evil,accident,cold,coat,snow,Spanish and English ,Spanish,Spanish and English,Spanish and English,Yes,high school,4 years,No,No,
sp147,Female,21,Yes,nadar,playa,sol,dinero,oro,negocio,coche,autobus,manejar,coche,buscar,carne,viajar,campar,vacation,por favor,necessito,gato,nadar,correr,deporte,deporte,americano,deportista,enfirma,roto,embarasada,leche,caramello,pastel,intelegente,yo,amiga,camisa,pantalones,zapato,bruto,hermano,limpiar,coche,aeropuerto,montana,banana,banana,banana,beer,wine,rum,painting,draw,pencil,clean,fly,witch,sick,broken,health,house,home,roommate,computer,cat,book,brother,stink,waste,food,vegetable,hungry,damp,dry,rain,steak,meat,pork,beach,shell,ocean,mirror,math,refraction,swimming,running,hockey,airplane,cloud,air,pain,broken,blood,cold,coat,snow,"English, some spanish","spanish, english",english,english,Yes,"high school, middle school, college",9 years,Yes,No,
sp148,Female,18,Yes,bebida,saludable ,comida,dinero,trabajo,seguridad,coche,rojo,dinero,felicidad,dinero,arroz,casa,trabajo,vacaciones,sueno,escuela,iglesia,saludable,comida,correr,jugar,correr,deporte ,clinica,enfermo,morir,abuela,postre,dulce de leche,mama,hija,Ella,zapatos,pantalones,gorro,hermano,cuarto,ropa,vacaciones,dinero,carro,banana,banana,banana,age,calories,drunk,paint,draw,school,chores,clean,mop,college,graduate,health,home,house,sleep,friends,vacation,weekend,trash,job,school,food,money,store,mop,water,pool,meat,problems,dairy,beach,summer,hot,essay,life,lesson,soccer,football,baseball,plane,airport,trip,harm,sadness,tears,cold,season,summer,English and Spanish,spanish ,spanish,spanish,Yes,"middle school, high school",8 years (all throughout school),No,Yes,Canada - 3 days
sp149,Male,26,Yes,vaso,ducha,lluvia,dinero,financia,prestamo,gasolina,calle,motor,desayuno,arroz,hambre,cuarto,vacacion,cama,almohada,cama,noche,correr,pesas,abdominales,pelota,barcelona,madrid,enfermo,esteril,triste,azucar,cafe,huevos,novia,familia,mama,camisa,pantalones,zapatos,escoba,polvo,tierra,hotel,avion,vacacion,banana,banana,banana,shots,beer,wine,painting,impressionism,colors,sweep,dirt,floor,pediatrician,surgeon,phd,small,rent,house,games,basketball,amusement,truck,bin,bag,produce,meat,bread,water,slippery,moist,cow,ground,steak,beach,dessert,castle,mirror,pond,light,basketball,football,soccer,bird,plane,wing,hit,pain,push,cold,snow,christmas,"english, spanish",spanish,"english, spanish","english, spanish",Yes,im from the US...all my school was in english,18 years,No,No,
