"","source","target","weight"
"1","agua","alberca",1
"2","agua","azul",3
"3","agua","bannar",2
"4","agua","banno",1
"5","agua","beber",6
"6","agua","bebida",6
"7","agua","bolsa",1
"8","agua","botella",5
"9","agua","cafee",1
"10","agua","caliente",2
"11","agua","claro",3
"12","agua","comida",1
"13","agua","divertido",1
"14","agua","ducha",1
"15","agua","fresco",9
"16","agua","frio",7
"17","agua","hidratacioon",1
"18","agua","hidratar",1
"19","agua","hielo",4
"20","agua","huumedo",1
"21","agua","jamaica",1
"22","agua","jugo",2
"23","agua","lago",7
"24","agua","lavar",1
"25","agua","leche",2
"26","agua","liiquido",2
"27","agua","limpiar",1
"28","agua","limpio",1
"29","agua","lluvia",4
"30","agua","mar",8
"31","agua","mojado",1
"32","agua","nadar",2
"33","agua","oceeano",5
"34","agua","pez",1
"35","agua","piscina",3
"36","agua","playa",5
"37","agua","potable",1
"38","agua","refrescante",5
"39","agua","refresco",1
"40","agua","rico",1
"41","agua","riio",4
"42","agua","saludable",2
"43","agua","sed",6
"44","agua","soda",1
"45","agua","sol",1
"46","agua","tibio",1
"47","agua","tomado",1
"48","agua","tomar",7
"49","agua","vacacioon",1
"50","agua","vaso",4
"51","agua","vida",2
"52","alcohol","adictivo",1
"53","alcohol","alcohol",1
"54","alcohol","alcohoolico",4
"55","alcohol","algodoon",1
"56","alcohol","amigo",4
"57","alcohol","antro",1
"58","alcohol","ardiente",1
"59","alcohol","bailar",2
"60","alcohol","bar",3
"61","alcohol","beber",4
"62","alcohol","bebida",7
"63","alcohol","blanco",1
"64","alcohol","borrachera",1
"65","alcohol","borracho",14
"66","alcohol","botella",2
"67","alcohol","brazo",1
"68","alcohol","cabeza",1
"69","alcohol","cerveza",11
"70","alcohol","comer",1
"71","alcohol","cruda",1
"72","alcohol","destructivo",1
"73","alcohol","divertido",1
"74","alcohol","doler",1
"75","alcohol","don julio",1
"76","alcohol","drink",3
"77","alcohol","drunk",3
"78","alcohol","ebrio",2
"79","alcohol","emborrachar",1
"80","alcohol","enfermo",1
"81","alcohol","espirita",1
"82","alcohol","fiesta",11
"83","alcohol","friio",1
"84","alcohol","fuerte",1
"85","alcohol","gin",1
"86","alcohol","hediondo",1
"87","alcohol","hielo",1
"88","alcohol","humo",1
"89","alcohol","licor",1
"90","alcohol","liiquido",1
"91","alcohol","mal",1
"92","alcohol","malo",3
"93","alcohol","margarita",1
"94","alcohol","mezcal",1
"95","alcohol","moonshine",1
"96","alcohol","obesidad",1
"97","alcohol","padre",1
"98","alcohol","party",4
"99","alcohol","peda",1
"100","alcohol","pierna",1
"101","alcohol","playa",1
"102","alcohol","poco",1
"103","alcohol","ron",1
"104","alcohol","sanar",1
"105","alcohol","sangriia",1
"106","alcohol","shot",1
"107","alcohol","sustancia",1
"108","alcohol","tequila",7
"109","alcohol","tirita",1
"110","alcohol","tomar",2
"111","alcohol","tonic",1
"112","alcohol","trabajo",1
"113","alcohol","trago",1
"114","alcohol","veneno",1
"115","alcohol","vicio",1
"116","alcohol","vino",2
"117","alcohol","vodka",5
"118","alcohol","whiskey",2
"119","arena","afuera",1
"120","arena","agua",7
"121","arena","amarillo",1
"122","arena","batalla",1
"123","arena","blanco",2
"124","arena","cafee",1
"125","arena","caliente",1
"126","arena","calor",3
"127","arena","cangrejo",1
"128","arena","caracol",1
"129","arena","carro",1
"130","arena","castillo",1
"131","arena","coco",1
"132","arena","comezoon",1
"133","arena","concha",3
"134","arena","deporte",2
"135","arena","desierto",3
"136","arena","diversioon",1
"137","arena","eagles",1
"138","arena","espectaaculo",1
"139","arena","estadio",1
"140","arena","evento",1
"141","arena","fannatico",1
"142","arena","fuutbol",3
"143","arena","gente",1
"144","arena","grano",2
"145","arena","its always sunny in philadelphia",1
"146","arena","juego",3
"147","arena","jugar",3
"148","arena","mar",9
"149","arena","material",1
"150","arena","nadar",1
"151","arena","ninno",2
"152","arena","oceeano",2
"153","arena","pegajoso",1
"154","arena","pelota",1
"155","arena","pescado",2
"156","arena","piedra",2
"157","arena","playa",36
"158","arena","polvo",2
"159","arena","roca",2
"160","arena","sal",1
"161","arena","sandalia",1
"162","arena","sol",10
"163","arena","suave",1
"164","arena","textura",1
"165","arena","tierra",2
"166","arena","tortuga",1
"167","arena","trabajo",1
"168","arena","valle",1
"169","arena","verano",3
"170","arena","vidrio",1
"171","arena","viento",1
"172","arena","vooleibol",1
"173","arena","zapato",1
"174","banco","ahorro",2
"175","banco","alto",1
"176","banco","banquero",1
"177","banco","cajero",2
"178","banco","cajero automaatico",1
"179","banco","cheque",6
"180","banco","chiquito",1
"181","banco","choro",1
"182","banco","cliente",1
"183","banco","coomodo",1
"184","banco","creedito",4
"185","banco","cuenta",4
"186","banco","deebito",2
"187","banco","depoosito",5
"188","banco","depositar",2
"189","banco","deuda",1
"190","banco","dinero",45
"191","banco","dolor",1
"192","banco","domingo",1
"193","banco","edificio",1
"194","banco","efectivo",2
"195","banco","estafa",2
"196","banco","fila",1
"197","banco","financia",2
"198","banco","fraude",1
"199","banco","gente",1
"200","banco","gobierno",1
"201","banco","grande",1
"202","banco","guardia",1
"203","banco","institucioon",1
"204","banco","interees",1
"205","banco","interesar",1
"206","banco","inversioon",1
"207","banco","liinea",1
"208","banco","metal",1
"209","banco","moneda",1
"210","banco","narco",1
"211","banco","negocio",1
"212","banco","oro",1
"213","banco","pagar",1
"214","banco","parque",2
"215","banco","persona",2
"216","banco","peso",1
"217","banco","plata",2
"218","banco","plaza",1
"219","banco","preestamo",9
"220","banco","puerta",1
"221","banco","retiro",1
"222","banco","salvar",1
"223","banco","seguridad",2
"224","banco","seguro",1
"225","banco","sentar",2
"226","banco","silla",2
"227","banco","sorana",1
"228","banco","tarjeta",2
"229","banco","trabajo",4
"230","banco","transferencia",1
"231","banco","verde",1
"232","carro","aseguranza",1
"233","carro","asiento",2
"234","carro","auto",6
"235","carro","autobuus",2
"236","carro","automoovil",4
"237","carro","avioon",2
"238","carro","azul",1
"239","carro","bicicleta",1
"240","carro","calle",2
"241","carro","camino",1
"242","carro","carcacha",1
"243","carro","caro",2
"244","carro","carretera",3
"245","carro","chiquito",2
"246","carro","coche",11
"247","carro","conducir",1
"248","carro","coomodo",1
"249","carro","dinero",5
"250","carro","eleectrico",1
"251","carro","estacionamiento",1
"252","carro","ferrari",1
"253","carro","gas",2
"254","carro","gasolina",11
"255","carro","gasolinera",1
"256","carro","grande",1
"257","carro","licencia",2
"258","carro","llanta",7
"259","carro","llave",1
"260","carro","lujo",1
"261","carro","manejar",6
"262","carro","moovil",1
"263","carro","moto",1
"264","carro","motor",2
"265","carro","necesario",1
"266","carro","nuevo",1
"267","carro","pequenno",1
"268","carro","puerta",3
"269","carro","raapido",4
"270","carro","rojo",5
"271","carro","rueda",3
"272","carro","silla",2
"273","carro","suv",1
"274","carro","tapete",1
"275","carro","timoon",1
"276","carro","trabajo",2
"277","carro","transportar",1
"278","carro","transporte",2
"279","carro","tren",1
"280","carro","troca",3
"281","carro","uutil",1
"282","carro","vehiiculo",4
"283","carro","velocidad",2
"284","carro","ventana",2
"285","carro","viajar",5
"286","carro","viaje",7
"287","carro","volante",1
"288","casa","albergue",1
"289","casa","amor",1
"290","casa","apartamento",3
"291","casa","banno",2
"292","casa","bien",1
"293","casa","caalido",1
"294","casa","cama",7
"295","casa","caro",2
"296","casa","carpeta",1
"297","casa","carro",3
"298","casa","casuela",1
"299","casa","choza",1
"300","casa","ciudad",1
"301","casa","cocina",1
"302","casa","comer",1
"303","casa","comida",5
"304","casa","cuarto",3
"305","casa","descansar",1
"306","casa","deuda",1
"307","casa","dinero",1
"308","casa","domicilio",1
"309","casa","dormir",4
"310","casa","dormitorio",1
"311","casa","edificio",3
"312","casa","escuela",2
"313","casa","familia",30
"314","casa","felicidad",1
"315","casa","grande",2
"316","casa","habitacioon",1
"317","casa","hogar",20
"318","casa","hotel",1
"319","casa","inversioon",1
"320","casa","jardiin",1
"321","casa","kid",1
"322","casa","lavanderiia",1
"323","casa","limpieza",1
"324","casa","llave",1
"325","casa","mamaa",3
"326","casa","mesa",2
"327","casa","mueble",1
"328","casa","padre",1
"329","casa","papa",1
"330","casa","patio",1
"331","casa","perro",3
"332","casa","privado",1
"333","casa","puerta",3
"334","casa","relajar",2
"335","casa","renta",1
"336","casa","rentar",1
"337","casa","residencia",1
"338","casa","sala",1
"339","casa","salvo",1
"340","casa","seguridad",2
"341","casa","seguro",1
"342","casa","techo",4
"343","casa","tele",2
"344","casa","ventana",1
"345","casa","visita",1
"346","casa","yarda",1
"347","comida","abuelita",1
"348","comida","abundante",1
"349","comida","aguacate",1
"350","comida","almuerzo",3
"351","comida","anticucho",1
"352","comida","arroz",8
"353","comida","bebida",2
"354","comida","bocadillo",1
"355","comida","burrito",1
"356","comida","buscar",1
"357","comida","caldo",1
"358","comida","caliente",3
"359","comida","carne",7
"360","comida","casero",1
"361","comida","cena",4
"362","comida","chef",1
"363","comida","cilantro",1
"364","comida","coche",1
"365","comida","cocina",4
"366","comida","cocinar",1
"367","comida","comer",7
"368","comida","compra",1
"369","comida","consumir",1
"370","comida","cuchara",3
"371","comida","cuchillo",1
"372","comida","delicioso",6
"373","comida","desayuno",5
"374","comida","dinero",3
"375","comida","dormir",1
"376","comida","dulce",1
"377","comida","empanada",1
"378","comida","enchilada",3
"379","comida","familia",2
"380","comida","felicidad",1
"381","comida","fresa",1
"382","comida","frijol",4
"383","comida","fruta",2
"384","comida","gastronomiia",1
"385","comida","hambre",6
"386","comida","hamburguesa",1
"387","comida","huevo",1
"388","comida","lleno",1
"389","comida","lonche",1
"390","comida","manzana",2
"391","comida","palto",1
"392","comida","pan",1
"393","comida","papa",1
"394","comida","pescado",1
"395","comida","peso",1
"396","comida","picante",1
"397","comida","picaroon",1
"398","comida","picoso",1
"399","comida","pizza",3
"400","comida","plaatano",1
"401","comida","plato",4
"402","comida","pollo",5
"403","comida","postre",1
"404","comida","raapido",2
"405","comida","refresco",1
"406","comida","restaurante",2
"407","comida","rico",2
"408","comida","sope",1
"409","comida","sostener",1
"410","comida","sostenimiento",1
"411","comida","sushi",1
"412","comida","sustento",1
"413","comida","taco",4
"414","comida","tenedor",2
"415","comida","torta",1
"416","comida","verdura",1
"417","deporte","actividad",2
"418","deporte","amigo",1
"419","deporte","arena",1
"420","deporte","atleetico",2
"421","deporte","atleta",1
"422","deporte","baasquetbol",4
"423","deporte","baloncesto",4
"424","deporte","basquet",1
"425","deporte","beeisbol",3
"426","deporte","bote",1
"427","deporte","box",1
"428","deporte","bus",1
"429","deporte","calor",1
"430","deporte","camiseta",1
"431","deporte","campo",1
"432","deporte","cancha",1
"433","deporte","cansado",2
"434","deporte","chavo",1
"435","deporte","chivas",1
"436","deporte","ciudad",1
"437","deporte","correr",7
"438","deporte","deportista",1
"439","deporte","divertido",2
"440","deporte","documento",1
"441","deporte","ejercicio",1
"442","deporte","energiia",1
"443","deporte","entrenar",2
"444","deporte","equipo",4
"445","deporte","escuela",2
"446","deporte","estadio",3
"447","deporte","fiesta",1
"448","deporte","fuerza",1
"449","deporte","fuutbol",37
"450","deporte","fuutbol americano",1
"451","deporte","gol",1
"452","deporte","golf",1
"453","deporte","golpear",1
"454","deporte","hombre",1
"455","deporte","importar",1
"456","deporte","juego",4
"457","deporte","jugador",2
"458","deporte","jugar",1
"459","deporte","messi",1
"460","deporte","movimiento",1
"461","deporte","mundial",1
"462","deporte","muusculo",1
"463","deporte","nadar",1
"464","deporte","natacioon",2
"465","deporte","partido",3
"466","deporte","pelota",14
"467","deporte","punto",1
"468","deporte","rapidez",1
"469","deporte","robado",1
"470","deporte","salud",1
"471","deporte","selecioon",1
"472","deporte","sudar",1
"473","deporte","sudor",1
"474","deporte","televisioon",1
"475","deporte","tenis",3
"476","deporte","tigre",1
"477","deporte","tomado",1
"478","deporte","trofeo",1
"479","deporte","zapatilla",1
"480","descuento","abrigo",1
"481","descuento","accesible",1
"482","descuento","ahorrar",1
"483","descuento","ahorro",5
"484","descuento","bajo",1
"485","descuento","banco",2
"486","descuento","barata",1
"487","descuento","barato",9
"488","descuento","bueno",2
"489","descuento","calle",1
"490","descuento","caro",1
"491","descuento","comida",2
"492","descuento","compra",9
"493","descuento","comprar",7
"494","descuento","cosa",1
"495","descuento","creedito",1
"496","descuento","cupoon",3
"497","descuento","deduccioon",1
"498","descuento","dinero",23
"499","descuento","especial",1
"500","descuento","feliz",1
"501","descuento","gasto",1
"502","descuento","liquidacioon",1
"503","descuento","lugar",1
"504","descuento","menos",1
"505","descuento","mercado",1
"506","descuento","mercanciia",1
"507","descuento","mitad",1
"508","descuento","oferta",2
"509","descuento","porcentaje",3
"510","descuento","precio",3
"511","descuento","quitar",1
"512","descuento","rebaja",6
"513","descuento","rebajado",1
"514","descuento","reduccioon",1
"515","descuento","reducido",1
"516","descuento","reducir",2
"517","descuento","reembolso",1
"518","descuento","remover",1
"519","descuento","ropa",14
"520","descuento","ross",1
"521","descuento","rumor",1
"522","descuento","salvar",1
"523","descuento","tienda",17
"524","descuento","venta",6
"525","descuento","vestido",1
"526","descuento","videojuego",1
"527","descuento","viejo",1
"528","descuento","zapato",1
"529","doctor","alivio",2
"530","doctor","atencioon",1
"531","doctor","ayuda",1
"532","doctor","blanco",3
"533","doctor","calidad",1
"534","doctor","cardioologo",1
"535","doctor","carrera",1
"536","doctor","cirugiia",2
"537","doctor","cirujano",1
"538","doctor","cita",2
"539","doctor","cliinica",4
"540","doctor","colegio",1
"541","doctor","consultorio",2
"542","doctor","covid",1
"543","doctor","dentista",1
"544","doctor","diagnoostico",1
"545","doctor","dinero",4
"546","doctor","diplomado",1
"547","doctor","enfermedad",2
"548","doctor","enfermero",18
"549","doctor","enfermo",7
"550","doctor","escuela",1
"551","doctor","estudiado",1
"552","doctor","estudio",1
"553","doctor","factura",1
"554","doctor","farmacia",1
"555","doctor","gripe",1
"556","doctor","guante",1
"557","doctor","hospital",19
"558","doctor","instructor",1
"559","doctor","inteligente",2
"560","doctor","lesioon",1
"561","doctor","medicina",20
"562","doctor","meedico",6
"563","doctor","nodriza",1
"564","doctor","oficina",1
"565","doctor","paciente",3
"566","doctor","pediaatrico",1
"567","doctor","pediatra",1
"568","doctor","piildora",1
"569","doctor","psicoologo",1
"570","doctor","salud",7
"571","doctor","sana",1
"572","doctor","senor",1
"573","doctor","temperatura",1
"574","doctor","terapista",1
"575","doctor","trabajo",2
"576","doctor","universidad",1
"577","doctor","vacuna",2
"578","dormir","acostar",3
"579","dormir","alarma",1
"580","dormir","almohada",12
"581","dormir","cabecear",1
"582","dormir","cama",32
"583","dormir","cansado",5
"584","dormir","casa",1
"585","dormir","cobija",9
"586","dormir","colcha",1
"587","dormir","cuarto",2
"588","dormir","descansar",7
"589","dormir","descanso",1
"590","dormir","despertar",3
"591","dormir","escuela",1
"592","dormir","gato",1
"593","dormir","iglesia",1
"594","dormir","levantar",1
"595","dormir","mucho",1
"596","dormir","necesario",1
"597","dormir","necesitar",1
"598","dormir","noche",11
"599","dormir","ojo",2
"600","dormir","por favor",1
"601","dormir","recuperar",1
"602","dormir","relajar",2
"603","dormir","relax",1
"604","dormir","roncar",3
"605","dormir","ronquido",1
"606","dormir","ropa",1
"607","dormir","saabana",2
"608","dormir","siesta",2
"609","dormir","sonnar",6
"610","dormir","suenno",22
"611","dormir","tarde",1
"612","dormir","transponer",1
"613","dulce","abuela",2
"614","dulce","agua",1
"615","dulce","alfajor",1
"616","dulce","azuucar",12
"617","dulce","beber",1
"618","dulce","bebida",1
"619","dulce","bizcocho",2
"620","dulce","bomboon",1
"621","dulce","cafee",2
"622","dulce","canela",1
"623","dulce","caramelo",11
"624","dulce","cavidad",2
"625","dulce","chamoy",3
"626","dulce","chicle",2
"627","dulce","chile",1
"628","dulce","chocolate",18
"629","dulce","churro",1
"630","dulce","comida",1
"631","dulce","confite",1
"632","dulce","delicioso",2
"633","dulce","dentista",2
"634","dulce","diente",1
"635","dulce","dinero",1
"636","dulce","dona",1
"637","dulce","dulce de leche",2
"638","dulce","dulceriia",1
"639","dulce","engordante",1
"640","dulce","engordar",1
"641","dulce","fiesta",2
"642","dulce","frasco",1
"643","dulce","fruta",3
"644","dulce","galleta",2
"645","dulce","golosina",2
"646","dulce","goma",1
"647","dulce","gomita",1
"648","dulce","gusto",1
"649","dulce","helado",2
"650","dulce","huevo",1
"651","dulce","jugo",1
"652","dulce","leche",6
"653","dulce","manjar",1
"654","dulce","mazapaan",1
"655","dulce","miel",1
"656","dulce","nieve",1
"657","dulce","ninno",1
"658","dulce","paleta",5
"659","dulce","pan",4
"660","dulce","pastel",7
"661","dulce","pegostioso",1
"662","dulce","pinnata",2
"663","dulce","postre",4
"664","dulce","rico",4
"665","dulce","rosa",1
"666","dulce","sabor",1
"667","dulce","sabroso",2
"668","dulce","tamarindo",3
"669","dulce","tienda",2
"670","ejercicio","abdominal",2
"671","ejercicio","actividad",1
"672","ejercicio","aeroobico",1
"673","ejercicio","afuera",1
"674","ejercicio","aire",1
"675","ejercicio","bicicleta",2
"676","ejercicio","brincar",3
"677","ejercicio","caliente",1
"678","ejercicio","calor",2
"679","ejercicio","caloriia",3
"680","ejercicio","caminar",6
"681","ejercicio","cansado",5
"682","ejercicio","cansancio",2
"683","ejercicio","comida",1
"684","ejercicio","correr",24
"685","ejercicio","deporte",2
"686","ejercicio","dieta",1
"687","ejercicio","difiicil",1
"688","ejercicio","energiia",1
"689","ejercicio","esforzar",1
"690","ejercicio","esfuerzo",1
"691","ejercicio","fiisico",2
"692","ejercicio","fuerte",2
"693","ejercicio","fuerza",1
"694","ejercicio","fuutbol",2
"695","ejercicio","gimnasio",6
"696","ejercicio","importante",1
"697","ejercicio","jugar",2
"698","ejercicio","maaquina",1
"699","ejercicio","metal",1
"700","ejercicio","mover",1
"701","ejercicio","muusculo",5
"702","ejercicio","muusica",1
"703","ejercicio","nadar",4
"704","ejercicio","pelota",1
"705","ejercicio","pesa",6
"706","ejercicio","pesado",1
"707","ejercicio","peso",9
"708","ejercicio","ropa",1
"709","ejercicio","rutina",1
"710","ejercicio","saltar",1
"711","ejercicio","salud",2
"712","ejercicio","saludable",3
"713","ejercicio","sudar",5
"714","ejercicio","sudor",13
"715","ejercicio","tenis",1
"716","ejercicio","trabajar",1
"717","ejercicio","trabajo",1
"718","ejercicio","yoga",1
"719","ejercicio","zapato",3
"720","escoba","abuela",2
"721","escoba","aburrido",1
"722","escoba","aspirar",1
"723","escoba","barrer",14
"724","escoba","basura",4
"725","escoba","bruja",2
"726","escoba","casa",5
"727","escoba","cepillo",2
"728","escoba","cocina",1
"729","escoba","cuarto",1
"730","escoba","cubo",1
"731","escoba","escubir",1
"732","escoba","faena",1
"733","escoba","frazada",1
"734","escoba","jaboon",1
"735","escoba","limpia",1
"736","escoba","limpiar",29
"737","escoba","limpieza",5
"738","escoba","limpio",4
"739","escoba","madre",1
"740","escoba","mamaa",1
"741","escoba","mandado",1
"742","escoba","mop",1
"743","escoba","mopa",1
"744","escoba","mopear",1
"745","escoba","mugre",2
"746","escoba","mujer",1
"747","escoba","organizado",1
"748","escoba","palo",2
"749","escoba","piedra",1
"750","escoba","piso",6
"751","escoba","polvo",4
"752","escoba","recogedor",7
"753","escoba","recoger",2
"754","escoba","responsabilidad",1
"755","escoba","retama",1
"756","escoba","sucio",11
"757","escoba","suelo",2
"758","escoba","tarea",2
"759","escoba","tierra",3
"760","escoba","trabajo",5
"761","escoba","trapeador",7
"762","escoba","trapear",2
"763","escoba","trapo",2
"764","escoba","viejo",1
"765","escoba","volar",1
"766","foto","aalbum",3
"767","foto","amigo",2
"768","foto","amigui",1
"769","foto","aventura",1
"770","foto","caamara",31
"771","foto","carro",1
"772","foto","celular",1
"773","foto","collage",1
"774","foto","cuadro",1
"775","foto","destello",1
"776","foto","digital",1
"777","foto","diversioon",1
"778","foto","espejo",1
"779","foto","evento",1
"780","foto","familia",10
"781","foto","felicidad",1
"782","foto","feliz",3
"783","foto","fiesta",1
"784","foto","film",1
"785","foto","fotografiia",2
"786","foto","fotoografo",2
"787","foto","guardar",1
"788","foto","imagen",4
"789","foto","iphone",1
"790","foto","lente",1
"791","foto","maquillaje",1
"792","foto","memoria",10
"793","foto","mismo",1
"794","foto","modelo",1
"795","foto","momento",1
"796","foto","nina",1
"797","foto","novia",1
"798","foto","paisaje",1
"799","foto","panorama",1
"800","foto","parque",1
"801","foto","pasado",1
"802","foto","pasear",1
"803","foto","perro",1
"804","foto","persona",2
"805","foto","polaroid",3
"806","foto","portarretrato",1
"807","foto","pose",1
"808","foto","recuerdo",10
"809","foto","reflexioon",1
"810","foto","revelado",1
"811","foto","rollo",1
"812","foto","sonreiir",3
"813","foto","sonrisa",7
"814","foto","tecnologiia",1
"815","foto","teleefono",4
"816","foto","tiempo",2
"817","foto","turismo",1
"818","foto","vestido",1
"819","foto","viaje",1
"820","foto","video",2
"821","foto","voto",1
"822","foto","yo",1
"823","foto","zapato",1
"824","fuutbol","aburrido",2
"825","fuutbol","activo",1
"826","fuutbol","alegriia",1
"827","fuutbol","americano",5
"828","fuutbol","baasquetbol",1
"829","fuutbol","baloon",4
"830","fuutbol","barcelona",1
"831","fuutbol","beeisbol",1
"832","fuutbol","bola",5
"833","fuutbol","campeoon",1
"834","fuutbol","cancha",4
"835","fuutbol","comida",1
"836","fuutbol","copa",1
"837","fuutbol","correr",6
"838","fuutbol","deporte",11
"839","fuutbol","deportista",1
"840","fuutbol","distraccioon",1
"841","fuutbol","diversioon",2
"842","fuutbol","divertido",1
"843","fuutbol","equipo",5
"844","fuutbol","esporte",1
"845","fuutbol","estadio",4
"846","fuutbol","fuutbol americano",2
"847","fuutbol","gente",1
"848","fuutbol","gol",4
"849","fuutbol","golazo",2
"850","fuutbol","gramilla",1
"851","fuutbol","grupo",1
"852","fuutbol","hincha",1
"853","fuutbol","juego",4
"854","fuutbol","jugador",4
"855","fuutbol","jugar",3
"856","fuutbol","liga",1
"857","fuutbol","llorar",1
"858","fuutbol","madrid",1
"859","fuutbol","messi",4
"860","fuutbol","mexicano",1
"861","fuutbol","mundial",1
"862","fuutbol","pasto",1
"863","fuutbol","patada",1
"864","fuutbol","patear",1
"865","fuutbol","pelee",1
"866","fuutbol","pelota",25
"867","fuutbol","pie",2
"868","fuutbol","portero",2
"869","fuutbol","ronaldo",1
"870","fuutbol","saabado",1
"871","fuutbol","seleccioon",1
"872","fuutbol","televisioon",4
"873","fuutbol","trofeo",1
"874","fuutbol","uniforme",1
"875","fuutbol","zacate",1
"876","hospital","afectado",1
"877","hospital","ambulancia",2
"878","hospital","ayuda",1
"879","hospital","cama",3
"880","hospital","camilla",1
"881","hospital","cliinica",3
"882","hospital","corazoon",1
"883","hospital","curacioon",1
"884","hospital","curita",1
"885","hospital","danno",1
"886","hospital","delicado",1
"887","hospital","dinero",2
"888","hospital","doctor",29
"889","hospital","dolor",1
"890","hospital","embarazada",1
"891","hospital","emergencia",1
"892","hospital","enfermedad",10
"893","hospital","enfermero",12
"894","hospital","enfermo",19
"895","hospital","esteeril",1
"896","hospital","grande",1
"897","hospital","gravedad",1
"898","hospital","hueso",1
"899","hospital","inyeccioon",2
"900","hospital","jeringuilla",1
"901","hospital","laboratorio",1
"902","hospital","medicamento",1
"903","hospital","medicina",8
"904","hospital","meedico",2
"905","hospital","morir",1
"906","hospital","muerte",6
"907","hospital","necesario",1
"908","hospital","paciente",3
"909","hospital","rojo",1
"910","hospital","roto",1
"911","hospital","sangre",1
"912","hospital","seguro social",1
"913","hospital","suero",1
"914","hospital","sufrir",1
"915","hospital","temperatura",1
"916","hospital","termoometro",1
"917","hospital","tos",1
"918","hospital","triste",2
"919","hospital","vacuna",1
"920","hospital","vendaje",1
"921","hospital","visita",1
"922","hotel","agua",1
"923","hotel","aire",1
"924","hotel","alberca",3
"925","hotel","aventura",1
"926","hotel","avioon",1
"927","hotel","boleto",1
"928","hotel","bonito",1
"929","hotel","california",1
"930","hotel","cama",19
"931","hotel","campar",1
"932","hotel","cancuun",1
"933","hotel","cansado",1
"934","hotel","caro",1
"935","hotel","casa",3
"936","hotel","comida",2
"937","hotel","conferencia",1
"938","hotel","costo",2
"939","hotel","cuarto",10
"940","hotel","desayuno",1
"941","hotel","descansar",2
"942","hotel","dinero",2
"943","hotel","dormir",12
"944","hotel","dormitorio",1
"945","hotel","ducha",1
"946","hotel","elevador",2
"947","hotel","familia",2
"948","hotel","habitacioon",2
"949","hotel","hotelero",1
"950","hotel","invitacioon",1
"951","hotel","jaboon",1
"952","hotel","las vegas",1
"953","hotel","llave",1
"954","hotel","motel",2
"955","hotel","noche",1
"956","hotel","pasillo",1
"957","hotel","piscina",3
"958","hotel","piso",1
"959","hotel","playa",3
"960","hotel","puerta",2
"961","hotel","recepcionista",1
"962","hotel","relajar",1
"963","hotel","relax",1
"964","hotel","rentar",1
"965","hotel","reservacioon",1
"966","hotel","restaurante",1
"967","hotel","sala",1
"968","hotel","satisfactorio",1
"969","hotel","servicio",2
"970","hotel","servicio de cuarto",1
"971","hotel","trabajo",2
"972","hotel","trivago",2
"973","hotel","vacacioon",8
"974","hotel","viaja",1
"975","hotel","viajar",2
"976","hotel","viaje",13
"977","hotel","visita",1
"978","lechuga","agua",1
"979","lechuga","alimento",1
"980","lechuga","animal",1
"981","lechuga","broocoli",1
"982","lechuga","cebolla",2
"983","lechuga","cocina",1
"984","lechuga","coliflor",1
"985","lechuga","comer",5
"986","lechuga","comida",6
"987","lechuga","conejo",2
"988","lechuga","cuchillo",1
"989","lechuga","dieta",2
"990","lechuga","ensalada",23
"991","lechuga","espinaca",4
"992","lechuga","fresco",1
"993","lechuga","hamburguesa",7
"994","lechuga","huerta",1
"995","lechuga","jamoon",1
"996","lechuga","jitomate",1
"997","lechuga","mojado",1
"998","lechuga","panini",1
"999","lechuga","pepino",1
"1000","lechuga","peso",1
"1001","lechuga","planta",2
"1002","lechuga","plato",1
"1003","lechuga","pozole",1
"1004","lechuga","queso",1
"1005","lechuga","ranch",2
"1006","lechuga","repollo",4
"1007","lechuga","rico",1
"1008","lechuga","romano",1
"1009","lechuga","saludable",5
"1010","lechuga","sandwich",6
"1011","lechuga","sano",1
"1012","lechuga","sembrar",2
"1013","lechuga","tierra",2
"1014","lechuga","tomate",8
"1015","lechuga","torta",1
"1016","lechuga","tortuga",1
"1017","lechuga","vegetal",7
"1018","lechuga","verde",18
"1019","lechuga","verdura",16
"1020","medicina","agua",1
"1021","medicina","alivio",2
"1022","medicina","amoxicilina",1
"1023","medicina","antibiootico",1
"1024","medicina","aseguranza",1
"1025","medicina","aspirina",1
"1026","medicina","ayuda",1
"1027","medicina","cabeza",1
"1028","medicina","cansado",1
"1029","medicina","caro",2
"1030","medicina","covid",1
"1031","medicina","cuchara",1
"1032","medicina","cura",3
"1033","medicina","curar",2
"1034","medicina","curita",1
"1035","medicina","danno",1
"1036","medicina","dinero",2
"1037","medicina","doctor",28
"1038","medicina","dolor",2
"1039","medicina","dormido",1
"1040","medicina","dosis",1
"1041","medicina","edad",1
"1042","medicina","enfermedad",2
"1043","medicina","enfermeriia",1
"1044","medicina","enfermero",7
"1045","medicina","enfermo",13
"1046","medicina","farmacia",6
"1047","medicina","hierba",1
"1048","medicina","hospicio",1
"1049","medicina","hospital",12
"1050","medicina","investigacioon",1
"1051","medicina","malo",1
"1052","medicina","marihuana",1
"1053","medicina","medicamento",3
"1054","medicina","meedico",2
"1055","medicina","mejor",1
"1056","medicina","mejorar",1
"1057","medicina","pastilla",6
"1058","medicina","piildora",2
"1059","medicina","prescripcioon",2
"1060","medicina","quiimico",1
"1061","medicina","receta",1
"1062","medicina","recuperar",1
"1063","medicina","remedio",2
"1064","medicina","resfriio",1
"1065","medicina","sabor",1
"1066","medicina","salud",10
"1067","medicina","salvo",1
"1068","medicina","sano",2
"1069","medicina","taza",1
"1070","medicina","temperatura",1
"1071","medicina","tequila",1
"1072","medicina","tomar",1
"1073","medicina","vacuna",2
"1074","medicina","vitamina",1
"1075","mujer","abuela",1
"1076","mujer","agradable",1
"1077","mujer","amiga",1
"1078","mujer","amor",2
"1079","mujer","bebee",2
"1080","mujer","belleza",2
"1081","mujer","bello",4
"1082","mujer","bonito",6
"1083","mujer","bueno",1
"1084","mujer","cabello",1
"1085","mujer","carinnoso",1
"1086","mujer","cartera",2
"1087","mujer","chica",1
"1088","mujer","cueva",1
"1089","mujer","dama",1
"1090","mujer","delicado",1
"1091","mujer","ella",1
"1092","mujer","esposa",4
"1093","mujer","falda",2
"1094","mujer","familia",1
"1095","mujer","femenino",3
"1096","mujer","flaco",1
"1097","mujer","fuerte",2
"1098","mujer","hermana",2
"1099","mujer","hermoso",2
"1100","mujer","hija",3
"1101","mujer","hombre",11
"1102","mujer","humano",2
"1103","mujer","inteligente",3
"1104","mujer","madre",5
"1105","mujer","mama",10
"1106","mujer","maquillaje",4
"1107","mujer","menstruacioon",1
"1108","mujer","ninna",14
"1109","mujer","ninno",4
"1110","mujer","novia",2
"1111","mujer","pelo",3
"1112","mujer","persona",5
"1113","mujer","pintalabios",1
"1114","mujer","relacioon",1
"1115","mujer","rosa",1
"1116","mujer","rosado",1
"1117","mujer","rubio",1
"1118","mujer","sennora",6
"1119","mujer","sexo",1
"1120","mujer","tacoon",2
"1121","mujer","teta",1
"1122","mujer","tiia",1
"1123","mujer","trabajador",1
"1124","mujer","valiente",1
"1125","mujer","vestido",8
"1126","mujer","yo",1
"1127","mujer","zapatilla",2
"1128","reflejo","agua",6
"1129","reflejo","apariencia",1
"1130","reflejo","arcoiris",1
"1131","reflejo","banno",3
"1132","reflejo","belleza",1
"1133","reflejo","bello",1
"1134","reflejo","brillante",2
"1135","reflejo","caamara",1
"1136","reflejo","cara",7
"1137","reflejo","cepillar",1
"1138","reflejo","cepillo",2
"1139","reflejo","claro",1
"1140","reflejo","cristal",2
"1141","reflejo","cuerpo",2
"1142","reflejo","diario",1
"1143","reflejo","espejo",38
"1144","reflejo","estima",1
"1145","reflejo","felicidad",1
"1146","reflejo","feo",1
"1147","reflejo","foto",1
"1148","reflejo","gato",1
"1149","reflejo","guapo",1
"1150","reflejo","igual",1
"1151","reflejo","imagen",4
"1152","reflejo","lago",2
"1153","reflejo","lavabo",1
"1154","reflejo","lento",1
"1155","reflejo","luz",2
"1156","reflejo","mannana",1
"1157","reflejo","maquillaje",3
"1158","reflejo","maquillar",1
"1159","reflejo","meditacioon",1
"1160","reflejo","mente",1
"1161","reflejo","mi",1
"1162","reflejo","mirada",1
"1163","reflejo","mirar",5
"1164","reflejo","mismo",2
"1165","reflejo","modelo",1
"1166","reflejo","movimiento",1
"1167","reflejo","nostalgia",1
"1168","reflejo","ojo",3
"1169","reflejo","pensar",2
"1170","reflejo","persona",3
"1171","reflejo","raapido",1
"1172","reflejo","reflexioon",5
"1173","reflejo","ropa",1
"1174","reflejo","similar",1
"1175","reflejo","sombra",2
"1176","reflejo","tienda",1
"1177","reflejo","triste",1
"1178","reflejo","tu",1
"1179","reflejo","vanidad",1
"1180","reflejo","ventana",2
"1181","reflejo","ver",1
"1182","reflejo","vestir",1
"1183","reflejo","vidrio",5
"1184","reflejo","vista",1
"1185","reflejo","yo",9
"1186","ropa","ajuar",1
"1187","ropa","algodoon",2
"1188","ropa","anillo",1
"1189","ropa","armario",1
"1190","ropa","blusa",8
"1191","ropa","boda",1
"1192","ropa","boxer",1
"1193","ropa","calceta",1
"1194","ropa","calcetiin",1
"1195","ropa","calzoon",2
"1196","ropa","camisa",19
"1197","ropa","camiseta",4
"1198","ropa","caro",1
"1199","ropa","chancla",1
"1200","ropa","collar",1
"1201","ropa","comprar",1
"1202","ropa","coomodo",1
"1203","ropa","desnudar",1
"1204","ropa","detergente",1
"1205","ropa","dinero",1
"1206","ropa","disennador",1
"1207","ropa","falda",1
"1208","ropa","gorro",1
"1209","ropa","importante",1
"1210","ropa","lavadora",1
"1211","ropa","lavar",1
"1212","ropa","limpio",3
"1213","ropa","lindo",1
"1214","ropa","lujo",1
"1215","ropa","marca",2
"1216","ropa","media",2
"1217","ropa","mojado",1
"1218","ropa","nadar",1
"1219","ropa","necesario",1
"1220","ropa","nuevo",1
"1221","ropa","pantaloon",28
"1222","ropa","pie",1
"1223","ropa","piel",1
"1224","ropa","polo",1
"1225","ropa","pulsera",1
"1226","ropa","ropa interior",1
"1227","ropa","salir",1
"1228","ropa","secadora",1
"1229","ropa","suave",1
"1230","ropa","sucio",6
"1231","ropa","sueeter",1
"1232","ropa","terciopelo",1
"1233","ropa","tienda",3
"1234","ropa","traje",1
"1235","ropa","uniforme",1
"1236","ropa","usado",1
"1237","ropa","vestido",11
"1238","ropa","vestimenta",1
"1239","ropa","vestir",1
"1240","ropa","vestuario",1
"1241","ropa","viejo",1
"1242","ropa","zapato",7
"1243","soda","aacido",1
"1244","soda","adictivo",1
"1245","soda","agua",6
"1246","soda","azuucar",9
"1247","soda","beber",2
"1248","soda","bebible",1
"1249","soda","bebida",12
"1250","soda","bicarbonato",1
"1251","soda","bote",1
"1252","soda","botella",1
"1253","soda","bueno",1
"1254","soda","burbuja",3
"1255","soda","cafee",1
"1256","soda","carbohidrato",1
"1257","soda","carbonatacioon",1
"1258","soda","carbonato",1
"1259","soda","cena",1
"1260","soda","chip",2
"1261","soda","coca",6
"1262","soda","coca cola",6
"1263","soda","coke",1
"1264","soda","cola",2
"1265","soda","comer",1
"1266","soda","comida",2
"1267","soda","delicioso",1
"1268","soda","diente",1
"1269","soda","dulce",3
"1270","soda","fanta",2
"1271","soda","fiesta",1
"1272","soda","friio",4
"1273","soda","galleta",1
"1274","soda","gas",3
"1275","soda","gaseosa",3
"1276","soda","gaseoso",1
"1277","soda","gordo",2
"1278","soda","helado",1
"1279","soda","hielo",1
"1280","soda","inca cola",1
"1281","soda","jaboon",1
"1282","soda","jarrito",2
"1283","soda","jugo",2
"1284","soda","lata",1
"1285","soda","liiquido",2
"1286","soda","limonada",1
"1287","soda","malo",1
"1288","soda","manzanita",1
"1289","soda","mountain dew",2
"1290","soda","obesidad",1
"1291","soda","orinar",1
"1292","soda","pepsi",5
"1293","soda","refrescante",1
"1294","soda","refresco",12
"1295","soda","rico",1
"1296","soda","salud",1
"1297","soda","sed",4
"1298","soda","sprite",3
"1299","soda","taco",1
"1300","soda","tomar",8
"1301","soda","vaso",1
"1302","sucio","agua",2
"1303","sucio","apestoso",2
"1304","sucio","arreglar",1
"1305","sucio","asco",2
"1306","sucio","asqueroso",1
"1307","sucio","bacteria",1
"1308","sucio","bannar",1
"1309","sucio","bannera",1
"1310","sucio","banno",6
"1311","sucio","barrer",2
"1312","sucio","barro",1
"1313","sucio","basura",6
"1314","sucio","bruto",1
"1315","sucio","cerdo",2
"1316","sucio","ciudad",1
"1317","sucio","cochino",9
"1318","sucio","cuarto",1
"1319","sucio","deber",1
"1320","sucio","desagradable",2
"1321","sucio","desorden",1
"1322","sucio","desorganizado",1
"1323","sucio","dinero",1
"1324","sucio","disgusto",1
"1325","sucio","embarrado",1
"1326","sucio","escoba",1
"1327","sucio","fabuloso",1
"1328","sucio","fango",1
"1329","sucio","feo",6
"1330","sucio","germen",1
"1331","sucio","hermano",2
"1332","sucio","incoomodo",1
"1333","sucio","inmundo",1
"1334","sucio","jaboon",1
"1335","sucio","lavar",1
"1336","sucio","limpiar",10
"1337","sucio","limpio",6
"1338","sucio","lodo",3
"1339","sucio","lomo",1
"1340","sucio","maloliente",2
"1341","sucio","mancha",1
"1342","sucio","manchado",2
"1343","sucio","mano",2
"1344","sucio","mugre",2
"1345","sucio","mugroso",1
"1346","sucio","negro",1
"1347","sucio","obsceno",1
"1348","sucio","oler",1
"1349","sucio","olor",1
"1350","sucio","oscuro",1
"1351","sucio","pantaloon",1
"1352","sucio","pegajoso",1
"1353","sucio","perezoso",1
"1354","sucio","piso",3
"1355","sucio","plato",1
"1356","sucio","pobre",1
"1357","sucio","polvo",5
"1358","sucio","puerco",3
"1359","sucio","recoger",2
"1360","sucio","reguero",1
"1361","sucio","ropa",3
"1362","sucio","sangre",1
"1363","sucio","servilleta",1
"1364","sucio","sopa",1
"1365","sucio","soquete",1
"1366","sucio","tierra",13
"1367","sucio","tirar",1
"1368","sucio","trapear",2
"1369","sucio","trapo",1
"1370","sucio","traste",1
"1371","verano","abanico",1
"1372","verano","agua",3
"1373","verano","alberca",3
"1374","verano","amigo",1
"1375","verano","arena",2
"1376","verano","bebida",2
"1377","verano","brillante",1
"1378","verano","caliente",11
"1379","verano","calor",20
"1380","verano","caminar",1
"1381","verano","cumpleannos",1
"1382","verano","descanso",2
"1383","verano","diversioon",1
"1384","verano","escuela",2
"1385","verano","estacioon",1
"1386","verano","felicidad",1
"1387","verano","feliz",2
"1388","verano","helado",2
"1389","verano","hielo",1
"1390","verano","humedad",2
"1391","verano","invierno",2
"1392","verano","jugar",1
"1393","verano","lentes",1
"1394","verano","limonada",1
"1395","verano","marisco",1
"1396","verano","meexico",1
"1397","verano","nadar",2
"1398","verano","nieve",1
"1399","verano","otonno",2
"1400","verano","pantaloon",1
"1401","verano","peda",1
"1402","verano","pelota",1
"1403","verano","piscina",2
"1404","verano","playa",30
"1405","verano","primavera",2
"1406","verano","protector solar",1
"1407","verano","refresco",1
"1408","verano","relajar",1
"1409","verano","saabado",1
"1410","verano","sol",24
"1411","verano","sudar",2
"1412","verano","sudor",2
"1413","verano","vacacioon",5
"1414","verano","zacate",1
"1415","viaje","abuelo",1
"1416","viaje","aeropuerto",4
"1417","viaje","afuera",1
"1418","viaje","auto",1
"1419","viaje","autobuus",1
"1420","viaje","aventura",1
"1421","viaje","avioon",26
"1422","viaje","barato",1
"1423","viaje","barco",1
"1424","viaje","boleto",2
"1425","viaje","bulto",1
"1426","viaje","cancuun",1
"1427","viaje","caro",2
"1428","viaje","carretera",3
"1429","viaje","carro",6
"1430","viaje","coche",1
"1431","viaje","conducir",1
"1432","viaje","dinero",5
"1433","viaje","distraccioon",1
"1434","viaje","diversioon",1
"1435","viaje","divertido",1
"1436","viaje","empacar",1
"1437","viaje","esparcimiento",1
"1438","viaje","familia",1
"1439","viaje","fatigoso",1
"1440","viaje","feliz",1
"1441","viaje","gasto",1
"1442","viaje","gozar",1
"1443","viaje","hotel",4
"1444","viaje","largo",1
"1445","viaje","lejos",3
"1446","viaje","lujo",1
"1447","viaje","maleta",7
"1448","viaje","manejar",3
"1449","viaje","mar",2
"1450","viaje","meexico",3
"1451","viaje","miami",1
"1452","viaje","mochila",1
"1453","viaje","montana",1
"1454","viaje","motocicleta",1
"1455","viaje","nina",1
"1456","viaje","paiis",3
"1457","viaje","paisaje",1
"1458","viaje","paraiiso",1
"1459","viaje","pasaje",1
"1460","viaje","pasaporte",1
"1461","viaje","paseo",1
"1462","viaje","playa",5
"1463","viaje","relajar",2
"1464","viaje","relax",1
"1465","viaje","ropa",2
"1466","viaje","salir",1
"1467","viaje","tren",2
"1468","viaje","vacacioon",12
"1469","viaje","verano",3
"1470","viaje","viajar",1
"1471","viaje","viejo",1
"1472","viaje","visita",1
"1473","viaje","volar",2
"1474","viaje","vuelo",2
"1475","viaje","zapato",1
"1476","volar","aarbol",1
"1477","volar","abeja",1
"1478","volar","aeropuerto",2
"1479","volar","aire",5
"1480","volar","ala",8
"1481","volar","alto",2
"1482","volar","american airlines",1
"1483","volar","ascender",1
"1484","volar","ave",2
"1485","volar","aventura",1
"1486","volar","avioon",37
"1487","volar","capitaan",1
"1488","volar","cielo",16
"1489","volar","equipaje",1
"1490","volar","familia",2
"1491","volar","festejar",1
"1492","volar","flotar",1
"1493","volar","heeroe",1
"1494","volar","helicooptero",2
"1495","volar","huir",1
"1496","volar","libertad",1
"1497","volar","mariposa",2
"1498","volar","meexico",1
"1499","volar","nube",4
"1500","volar","paajaro",26
"1501","volar","paisaje",1
"1502","volar","paracaiidas",1
"1503","volar","pasajero",1
"1504","volar","pollo",1
"1505","volar","salir",1
"1506","volar","saltar",1
"1507","volar","seguridad",1
"1508","volar","seguro",1
"1509","volar","superheeroe",1
"1510","volar","tiempo",1
"1511","volar","vacacioon",3
"1512","volar","viajar",3
"1513","volar","viaje",5
"1514","volar","viento",3
"1515","volar","volar",1
